key,size,last_modified,etag
_README.txt,584,2026-05-22T14:32:45.306Z,234eebbdc111da05aaa40538774921a3
_manifest.csv,234529,2026-05-22T14:32:45.903Z,58c7eb4dda79dab0344300e0cad2fa7a
_manifest.json,363700,2026-05-22T14:32:47.277Z,88127d9cd1aaf64d0f8b11215aae605d
honda-fest-2025-seleccion/,0,2026-05-22T14:03:02.397Z,d41d8cd98f00b204e9800998ecf8427e
honda-fest-2025-seleccion/image/,0,2026-05-22T14:03:11.880Z,d41d8cd98f00b204e9800998ecf8427e
honda-fest-2025-seleccion/image/acceso-acceso-y-ambiente/141-img-0925.jpg,2002544,2026-05-22T14:03:27.927Z,807756c96f94748fa0f2badd1422c3a3
honda-fest-2025-seleccion/image/acceso-acceso-y-ambiente/141-img-0925.jpg.txt,970,2026-05-22T14:03:27.491Z,cde150a1c489d18bd920fb3b38e6d35b
honda-fest-2025-seleccion/image/acceso-acceso-y-ambiente/163-img-1404.jpg,2397538,2026-05-22T14:03:27.934Z,6a277ef9b89d59d9efabe0bd30e0a781
honda-fest-2025-seleccion/image/acceso-acceso-y-ambiente/163-img-1404.jpg.txt,970,2026-05-22T14:03:27.424Z,29690f12b1742b22a5e8472af8a2dd46
honda-fest-2025-seleccion/image/charlas-charlas-y-reuniones/140-img-0920.jpg,1816688,2026-05-22T14:03:40.673Z,b4887fe92fa61901ad0c39b6761fc47f
honda-fest-2025-seleccion/image/charlas-charlas-y-reuniones/140-img-0920.jpg.txt,976,2026-05-22T14:03:40.627Z,debb7016421f49ac2430f74bd12c31ba
honda-fest-2025-seleccion/image/exhibicion-exhibicion-y-paddock/128-img-0772.jpg,2272206,2026-05-22T14:03:38.593Z,d405e48b978cb550b887fb80fc610fc0
honda-fest-2025-seleccion/image/exhibicion-exhibicion-y-paddock/128-img-0772.jpg.txt,1021,2026-05-22T14:03:37.912Z,0817162611203a6d6f42d0a256809f3e
honda-fest-2025-seleccion/image/exhibicion-exhibicion-y-paddock/130-img-0794.jpg,1880202,2026-05-22T14:03:38.372Z,630bb02867704cea4f97a66a9206947d
honda-fest-2025-seleccion/image/exhibicion-exhibicion-y-paddock/130-img-0794.jpg.txt,1021,2026-05-22T14:03:37.971Z,3da6c34f0e635959d9a7bbeb71dc6baf
honda-fest-2025-seleccion/image/exhibicion-exhibicion-y-paddock/132-img-0808.jpg,1750368,2026-05-22T14:03:38.465Z,a40f21386e4df24896c3b8416019303b
honda-fest-2025-seleccion/image/exhibicion-exhibicion-y-paddock/132-img-0808.jpg.txt,1021,2026-05-22T14:03:38.717Z,14de5b51f72d1498b91ba24226cec2a0
honda-fest-2025-seleccion/image/exhibicion-exhibicion-y-paddock/133-img-0822.jpg,2235329,2026-05-22T14:03:39.536Z,5763ba3df847320757dc0ae48079aa71
honda-fest-2025-seleccion/image/exhibicion-exhibicion-y-paddock/133-img-0822.jpg.txt,1021,2026-05-22T14:03:39.106Z,ae60f45515d4a78712995670bca66eff
honda-fest-2025-seleccion/image/exhibicion-exhibicion-y-paddock/135-img-0838.jpg,2429647,2026-05-22T14:03:39.520Z,ba62a4f31f586de4cc1476a642f5f238
honda-fest-2025-seleccion/image/exhibicion-exhibicion-y-paddock/135-img-0838.jpg.txt,1021,2026-05-22T14:03:39.378Z,2948f2de3dffdbea29ee4677d0cb7f12
honda-fest-2025-seleccion/image/exhibicion-exhibicion-y-paddock/137-img-0854.jpg,2284176,2026-05-22T14:03:40.306Z,bf146a53ab89f44e0bddd2620865ab24
honda-fest-2025-seleccion/image/exhibicion-exhibicion-y-paddock/137-img-0854.jpg.txt,1021,2026-05-22T14:03:39.813Z,296ef0139264521daf2e2caef943bef0
honda-fest-2025-seleccion/image/exhibicion-exhibicion-y-paddock/139-img-0867.jpg,2518164,2026-05-22T14:03:40.762Z,e5dabb5f620fe610ec2247e924622749
honda-fest-2025-seleccion/image/exhibicion-exhibicion-y-paddock/139-img-0867.jpg.txt,1021,2026-05-22T14:03:40.344Z,0e0953c84796a848f4a44af2a4f8861b
honda-fest-2025-seleccion/image/exhibicion-exhibicion-y-paddock/142-img-0927.jpg,2390084,2026-05-22T14:03:41.378Z,b822b449f8b2ff3688dd52d64b929f79
honda-fest-2025-seleccion/image/exhibicion-exhibicion-y-paddock/142-img-0927.jpg.txt,1021,2026-05-22T14:03:41.154Z,b6d5e5aeb60f98c6e6f5f0bca962d256
honda-fest-2025-seleccion/image/exhibicion-exhibicion-y-paddock/167-img-1425.jpg,1794948,2026-05-22T14:03:41.794Z,0e91a032f280b5c415ad74dedbbf90ee
honda-fest-2025-seleccion/image/exhibicion-exhibicion-y-paddock/167-img-1425.jpg.txt,1021,2026-05-22T14:03:41.535Z,14e607c306826bd321efaac080b1cfa0
honda-fest-2025-seleccion/image/exhibicion-exhibicion-y-paddock/178-img-1641.jpg,1967868,2026-05-22T14:03:41.864Z,469e8479d6764ff03485ac7bf2db34b0
honda-fest-2025-seleccion/image/exhibicion-exhibicion-y-paddock/178-img-1641.jpg.txt,1021,2026-05-22T14:03:41.971Z,ead85538aab6f64153d24e68d249da89
honda-fest-2025-seleccion/image/exhibicion-exhibicion-y-paddock/197-img-2169.jpg,2412120,2026-05-22T14:03:43.328Z,e16d61ee1a9f058655a41db38ecb9012
honda-fest-2025-seleccion/image/exhibicion-exhibicion-y-paddock/197-img-2169.jpg.txt,1021,2026-05-22T14:03:42.360Z,3924d45feeded7452a351b24335ca4a9
honda-fest-2025-seleccion/image/exhibicion-exhibicion-y-paddock/229-img-3511.jpg,2450623,2026-05-22T14:03:42.823Z,aa847448aca55f43134036445f618a1a
honda-fest-2025-seleccion/image/exhibicion-exhibicion-y-paddock/229-img-3511.jpg.txt,1021,2026-05-22T14:03:42.655Z,94590d8f2c97a475fc471552f63d35fd
honda-fest-2025-seleccion/image/marca-marca-y-detalles/127-img-0769.jpg,1496898,2026-05-22T14:03:59.775Z,b240970865201c28f6c99de72bfb5420
honda-fest-2025-seleccion/image/marca-marca-y-detalles/127-img-0769.jpg.txt,975,2026-05-22T14:03:59.535Z,f26ea9c9c1f6f338da5c5f16d26d727d
honda-fest-2025-seleccion/image/marca-marca-y-detalles/131-img-0796.jpg,2361662,2026-05-22T14:04:00.264Z,12f3d89c5a198ecda118904f0a1768c4
honda-fest-2025-seleccion/image/marca-marca-y-detalles/131-img-0796.jpg.txt,975,2026-05-22T14:03:59.597Z,1212cb5a7be8cda958ff2f6c1a379c34
honda-fest-2025-seleccion/image/marca-marca-y-detalles/136-img-0840.jpg,2304788,2026-05-22T14:04:00.063Z,31d441308cca1d23fda66c194b9ae5be
honda-fest-2025-seleccion/image/marca-marca-y-detalles/136-img-0840.jpg.txt,975,2026-05-22T14:04:00.293Z,68e2e8709076a69ac207c4eecc7c763f
honda-fest-2025-seleccion/image/marca-marca-y-detalles/164-img-1412.jpg,2176648,2026-05-22T14:04:00.617Z,a94f61bef5a0545f36b0986bfad335b4
honda-fest-2025-seleccion/image/marca-marca-y-detalles/164-img-1412.jpg.txt,975,2026-05-22T14:04:00.528Z,d2dd94d356b55db0a77e8e28e6c997b4
honda-fest-2025-seleccion/image/pista-autos-en-pista/,0,2026-05-22T14:04:18.882Z,d41d8cd98f00b204e9800998ecf8427e
honda-fest-2025-seleccion/image/pista-autos-en-pista/143-img-0930.jpg,1549623,2026-05-22T14:04:37.586Z,5081e5848e673a233ab604db21041e58
honda-fest-2025-seleccion/image/pista-autos-en-pista/143-img-0930.jpg.txt,1009,2026-05-22T14:04:37.260Z,2422d5c1a888463304822ff0c7d28a06
honda-fest-2025-seleccion/image/pista-autos-en-pista/144-img-0933.jpg,1520172,2026-05-22T14:04:37.516Z,180ffcebcda091d763d1b7f8a223be77
honda-fest-2025-seleccion/image/pista-autos-en-pista/144-img-0933.jpg.txt,1009,2026-05-22T14:04:37.367Z,efcc23860b054e1a892b8373b19df66c
honda-fest-2025-seleccion/image/pista-autos-en-pista/145-img-0941.jpg,1515197,2026-05-22T14:04:38.235Z,52c171e26a682b9d06fd5caa284518a6
honda-fest-2025-seleccion/image/pista-autos-en-pista/145-img-0941.jpg.txt,1009,2026-05-22T14:04:38.226Z,e6d46c98e10b352b879cf942e714061b
honda-fest-2025-seleccion/image/pista-autos-en-pista/146-img-0952.jpg,1550014,2026-05-22T14:04:38.860Z,d33d820d805b40f7714bc5a49e131e06
honda-fest-2025-seleccion/image/pista-autos-en-pista/146-img-0952.jpg.txt,1009,2026-05-22T14:04:38.534Z,5808cceaec8c356e04ebb064623cf5b4
honda-fest-2025-seleccion/image/pista-autos-en-pista/147-img-1018.jpg,1505881,2026-05-22T14:04:38.580Z,60d7507bd9fc2572edd7520df9dacadf
honda-fest-2025-seleccion/image/pista-autos-en-pista/147-img-1018.jpg.txt,1009,2026-05-22T14:04:39.003Z,ef06c58d4ff50a4eb792d9271e67a35d
honda-fest-2025-seleccion/image/pista-autos-en-pista/148-img-1028.jpg,1383726,2026-05-22T14:04:39.686Z,3abe6e2a3086001a1c9f10e65e74ace3
honda-fest-2025-seleccion/image/pista-autos-en-pista/148-img-1028.jpg.txt,1009,2026-05-22T14:04:39.395Z,6d4512c9d8e4cab7f163eac363bb3abc
honda-fest-2025-seleccion/image/pista-autos-en-pista/149-img-1070.jpg,2341447,2026-05-22T14:04:39.891Z,cb9f9650ffa91560d9b4f07c0eb0302a
honda-fest-2025-seleccion/image/pista-autos-en-pista/149-img-1070.jpg.txt,1009,2026-05-22T14:04:39.669Z,2de382ed007c1e849d26f445815a71f3
honda-fest-2025-seleccion/image/pista-autos-en-pista/150-img-1076.jpg,1765872,2026-05-22T14:04:40.567Z,ecdf28cea1535db9e7d11a321ec0a2a8
honda-fest-2025-seleccion/image/pista-autos-en-pista/150-img-1076.jpg.txt,1009,2026-05-22T14:04:40.323Z,ddf9f2c34a30aa407c1e339cf92216fe
honda-fest-2025-seleccion/image/pista-autos-en-pista/151-img-1093.jpg,1322059,2026-05-22T14:04:40.622Z,2fa73fad984826a6c68d0622b1790dc9
honda-fest-2025-seleccion/image/pista-autos-en-pista/151-img-1093.jpg.txt,1009,2026-05-22T14:04:40.672Z,1de2983ea01f0bc46b1ebbfdd664ec2e
honda-fest-2025-seleccion/image/pista-autos-en-pista/152-img-1111.jpg,1892854,2026-05-22T14:04:41.114Z,99a4be9bef65b3c0e5a64167ae2ebeb1
honda-fest-2025-seleccion/image/pista-autos-en-pista/152-img-1111.jpg.txt,1009,2026-05-22T14:04:41.132Z,2d42e7b4925eca51c005d9b4df492a10
honda-fest-2025-seleccion/image/pista-autos-en-pista/153-img-1120.jpg,1766536,2026-05-22T14:04:41.981Z,2fd1c541ed82f050eada66069f8e7cf7
honda-fest-2025-seleccion/image/pista-autos-en-pista/153-img-1120.jpg.txt,1009,2026-05-22T14:04:41.694Z,1d86536f3c5f73a4646665baed80ccff
honda-fest-2025-seleccion/image/pista-autos-en-pista/154-img-1124.jpg,1737760,2026-05-22T14:04:41.695Z,e53756c1cc43d4337aafd2da93377db9
honda-fest-2025-seleccion/image/pista-autos-en-pista/154-img-1124.jpg.txt,1009,2026-05-22T14:04:41.905Z,d381c57d5e631f6e656580b1870b7d80
honda-fest-2025-seleccion/image/pista-autos-en-pista/155-img-1149.jpg,2043799,2026-05-22T14:04:42.934Z,2423586af1206111c7830f2c2ded0b39
honda-fest-2025-seleccion/image/pista-autos-en-pista/155-img-1149.jpg.txt,1009,2026-05-22T14:04:42.502Z,b51d06988dca8a0868be83c885fc0835
honda-fest-2025-seleccion/image/pista-autos-en-pista/156-img-1202.jpg,1905370,2026-05-22T14:04:42.905Z,c584ed7e302beef743d5ca59d0ddd6eb
honda-fest-2025-seleccion/image/pista-autos-en-pista/156-img-1202.jpg.txt,1009,2026-05-22T14:04:42.754Z,9793a2841a60f89685803e3bdde2cdc5
honda-fest-2025-seleccion/image/pista-autos-en-pista/157-img-1313.jpg,1700585,2026-05-22T14:04:43.486Z,4d50f3c1955dcde9cf9588ea5ecb4339
honda-fest-2025-seleccion/image/pista-autos-en-pista/157-img-1313.jpg.txt,1009,2026-05-22T14:04:43.281Z,bdae6e667067eb8bff09903e6e3b4f23
honda-fest-2025-seleccion/image/pista-autos-en-pista/158-img-1321.jpg,1473103,2026-05-22T14:04:43.714Z,33c515068c7e70e85514263711f1f5aa
honda-fest-2025-seleccion/image/pista-autos-en-pista/158-img-1321.jpg.txt,1009,2026-05-22T14:04:43.704Z,a2ece876a4dd06b4e7dfca8fb4ef4288
honda-fest-2025-seleccion/image/pista-autos-en-pista/159-img-1334.jpg,1446041,2026-05-22T14:04:44.434Z,9836b0ccee502d36966e08f9176d3fe0
honda-fest-2025-seleccion/image/pista-autos-en-pista/159-img-1334.jpg.txt,1009,2026-05-22T14:04:44.239Z,a8d381a3f6417a226f06f7313f783278
honda-fest-2025-seleccion/image/pista-autos-en-pista/160-img-1348.jpg,1378478,2026-05-22T14:04:44.449Z,475f49a01f8ef3aa3b6369d64ed0a018
honda-fest-2025-seleccion/image/pista-autos-en-pista/160-img-1348.jpg.txt,1009,2026-05-22T14:04:44.487Z,63749ffaeaaf61a904b731b3f7ddff6f
honda-fest-2025-seleccion/image/pista-autos-en-pista/161-img-1377.jpg,1530509,2026-05-22T14:04:44.807Z,41fb6635e1a8c82afabaf682df781233
honda-fest-2025-seleccion/image/pista-autos-en-pista/161-img-1377.jpg.txt,1009,2026-05-22T14:04:44.975Z,796c6361c6c2dcb6a698e94473d7fdf6
honda-fest-2025-seleccion/image/pista-autos-en-pista/168-img-1433.jpg,1958763,2026-05-22T14:04:45.415Z,75483b1ef356cac052c16fac59f72d51
honda-fest-2025-seleccion/image/pista-autos-en-pista/168-img-1433.jpg.txt,1009,2026-05-22T14:04:45.469Z,d0c96efe5475e148b239d5ff7b6fcd31
honda-fest-2025-seleccion/image/pista-autos-en-pista/169-img-1439.jpg,2496759,2026-05-22T14:04:46.153Z,8c373a933224c2b63de7fbd66e928a39
honda-fest-2025-seleccion/image/pista-autos-en-pista/169-img-1439.jpg.txt,1009,2026-05-22T14:04:45.753Z,bb344bf49a2a3bc9ffd4866b16150e34
honda-fest-2025-seleccion/image/pista-autos-en-pista/170-img-1445.jpg,1973029,2026-05-22T14:04:46.075Z,d2f79d149aa33dac399c176060bcb70b
honda-fest-2025-seleccion/image/pista-autos-en-pista/170-img-1445.jpg.txt,1009,2026-05-22T14:04:46.160Z,55c20f9767f0c140128190223d8cbac8
honda-fest-2025-seleccion/image/pista-autos-en-pista/171-img-1451.jpg,1925633,2026-05-22T14:04:46.470Z,70da68ec6cb74ee7ac346613e1f0eb3a
honda-fest-2025-seleccion/image/pista-autos-en-pista/171-img-1451.jpg.txt,1009,2026-05-22T14:04:46.590Z,349075a5eef5f512872bc98aed49ca9c
honda-fest-2025-seleccion/image/pista-autos-en-pista/172-img-1455.jpg,2068121,2026-05-22T14:04:47.795Z,81a69a6b205b7137db90b5f6865af915
honda-fest-2025-seleccion/image/pista-autos-en-pista/172-img-1455.jpg.txt,1009,2026-05-22T14:04:47.122Z,178c37098538bd04bab148e66c0b49a9
honda-fest-2025-seleccion/image/pista-autos-en-pista/173-img-1459.jpg,1951644,2026-05-22T14:04:47.389Z,5a09d597ffe64028536c269d4348894e
honda-fest-2025-seleccion/image/pista-autos-en-pista/173-img-1459.jpg.txt,1009,2026-05-22T14:04:47.163Z,575e12936b3b1eedcf565879d0f6709d
honda-fest-2025-seleccion/image/pista-autos-en-pista/174-img-1536.jpg,1532265,2026-05-22T14:06:25.274Z,51ee83b02585c36e78e07c4923b5f677
honda-fest-2025-seleccion/image/pista-autos-en-pista/174-img-1536.jpg.txt,1009,2026-05-22T14:06:24.830Z,e357daa369535579003a3af141bb0e90
honda-fest-2025-seleccion/image/pista-autos-en-pista/175-img-1550.jpg,1614610,2026-05-22T14:06:26.111Z,05990278d1069b45f77ad5e47bc57859
honda-fest-2025-seleccion/image/pista-autos-en-pista/175-img-1550.jpg.txt,1009,2026-05-22T14:06:24.835Z,8b7aa91d857c27f0b920b14a691501b7
honda-fest-2025-seleccion/image/pista-autos-en-pista/176-img-1565.jpg,1449705,2026-05-22T14:06:25.683Z,707f4464683a40d56ebf9ce942a9b531
honda-fest-2025-seleccion/image/pista-autos-en-pista/176-img-1565.jpg.txt,1009,2026-05-22T14:06:25.686Z,c0bd1053ff425aa9ae941fefc17dc879
honda-fest-2025-seleccion/image/pista-autos-en-pista/177-img-1608.jpg,1661570,2026-05-22T14:06:25.932Z,dbdd074e61c7bbd27f326450cfb899d7
honda-fest-2025-seleccion/image/pista-autos-en-pista/177-img-1608.jpg.txt,1009,2026-05-22T14:06:26.004Z,ba6b20f5de2aea5fd5c60682f924b37a
honda-fest-2025-seleccion/image/pista-autos-en-pista/179-img-1683.jpg,2087895,2026-05-22T14:06:26.754Z,790638b6aab5ddfa979507df31a4db1c
honda-fest-2025-seleccion/image/pista-autos-en-pista/179-img-1683.jpg.txt,1009,2026-05-22T14:06:26.668Z,95681dc8577495a73530a8f88f15b318
honda-fest-2025-seleccion/image/pista-autos-en-pista/180-img-1688.jpg,2011957,2026-05-22T14:06:27.312Z,7839b87ce8e05ae2a62b0c2996d2acc5
honda-fest-2025-seleccion/image/pista-autos-en-pista/180-img-1688.jpg.txt,1009,2026-05-22T14:06:26.978Z,949a9f5fde4550ae33f33cea9ecb5f73
honda-fest-2025-seleccion/image/pista-autos-en-pista/181-img-1737.jpg,2026124,2026-05-22T14:06:27.818Z,65289e9a51c3066751d46e5786451140
honda-fest-2025-seleccion/image/pista-autos-en-pista/181-img-1737.jpg.txt,1009,2026-05-22T14:06:27.472Z,617ce33ea330bc3a1565504de2f6ac8f
honda-fest-2025-seleccion/image/pista-autos-en-pista/182-img-1800.jpg,1972455,2026-05-22T14:06:27.822Z,38c685000e943dd148919fd78782ba58
honda-fest-2025-seleccion/image/pista-autos-en-pista/182-img-1800.jpg.txt,1009,2026-05-22T14:06:27.895Z,ef2af587c70247b945410911daf4aa3a
honda-fest-2025-seleccion/image/pista-autos-en-pista/183-img-1815.jpg,2824215,2026-05-22T14:06:28.621Z,56b21e85bd9abf1deeb49728e5684f4d
honda-fest-2025-seleccion/image/pista-autos-en-pista/183-img-1815.jpg.txt,1009,2026-05-22T14:06:28.382Z,65b4727124ed86f6d0697e2678d757b5
honda-fest-2025-seleccion/image/pista-autos-en-pista/184-img-1861.jpg,1845661,2026-05-22T14:06:28.849Z,7ffabe307084496a57af4a3338664f17
honda-fest-2025-seleccion/image/pista-autos-en-pista/184-img-1861.jpg.txt,1009,2026-05-22T14:06:28.848Z,960d4d713662d2fcdce7154137666e0b
honda-fest-2025-seleccion/image/pista-autos-en-pista/185-img-1890.jpg,2106922,2026-05-22T14:06:29.030Z,f3a15c4bb616ac1a4928e9e003d7eef9
honda-fest-2025-seleccion/image/pista-autos-en-pista/185-img-1890.jpg.txt,1009,2026-05-22T14:06:29.133Z,2bfa1ae552728e3e2b22fc03ae882bb4
honda-fest-2025-seleccion/image/pista-autos-en-pista/186-img-1964.jpg,2016197,2026-05-22T14:06:30.091Z,d1e029057cb0afc75afe7fa3866753c5
honda-fest-2025-seleccion/image/pista-autos-en-pista/186-img-1964.jpg.txt,1009,2026-05-22T14:06:29.587Z,c8203c39b831766df054f9aaa46b64bc
honda-fest-2025-seleccion/image/pista-autos-en-pista/187-img-1980.jpg,2348885,2026-05-22T14:06:30.027Z,a582b03a2f4afb1645fe5ecf7a0f74b1
honda-fest-2025-seleccion/image/pista-autos-en-pista/187-img-1980.jpg.txt,1009,2026-05-22T14:06:29.850Z,f6a69b0c926e308fd83a70c7b166a1d2
honda-fest-2025-seleccion/image/pista-autos-en-pista/188-img-2028.jpg,1650293,2026-05-22T14:06:30.253Z,c52dbdd58c5148128532b148b9e1272f
honda-fest-2025-seleccion/image/pista-autos-en-pista/188-img-2028.jpg.txt,1009,2026-05-22T14:06:30.327Z,98da5504610718a47dc2b7c465257bdf
honda-fest-2025-seleccion/image/pista-autos-en-pista/189-img-2036.jpg,1957851,2026-05-22T14:06:31.270Z,36894042396d067875e6da24ba4bb312
honda-fest-2025-seleccion/image/pista-autos-en-pista/189-img-2036.jpg.txt,1009,2026-05-22T14:06:30.816Z,e318db74123b0960e93b900cebdedfaa
honda-fest-2025-seleccion/image/pista-autos-en-pista/190-img-2050.jpg,2336853,2026-05-22T14:06:31.410Z,e3bb571501a7d123b84f99be39f39b46
honda-fest-2025-seleccion/image/pista-autos-en-pista/190-img-2050.jpg.txt,1009,2026-05-22T14:06:31.071Z,c8811ae9c95cdc15faa92a90b50c943d
honda-fest-2025-seleccion/image/pista-autos-en-pista/191-img-2062.jpg,1725865,2026-05-22T14:06:31.904Z,18407027d866d0f1b6b3f75c04d7f55e
honda-fest-2025-seleccion/image/pista-autos-en-pista/191-img-2062.jpg.txt,1009,2026-05-22T14:06:31.530Z,5b6db7bf0c2fabb8d58550e85bfcbe0a
honda-fest-2025-seleccion/image/pista-autos-en-pista/192-img-2065.jpg,2552939,2026-05-22T14:06:32.130Z,ae0b6bd1d25f837f83fd4be57f0926d6
honda-fest-2025-seleccion/image/pista-autos-en-pista/192-img-2065.jpg.txt,1009,2026-05-22T14:06:32.089Z,91ecae7ce354fcf7184e0e933731c016
honda-fest-2025-seleccion/image/pista-autos-en-pista/193-img-2077.jpg,2366541,2026-05-22T14:06:32.795Z,28d5a8b04a86e761e66b51d675459d2f
honda-fest-2025-seleccion/image/pista-autos-en-pista/193-img-2077.jpg.txt,1009,2026-05-22T14:06:32.818Z,4e257656e3044758cb1ad0eb4191caf9
honda-fest-2025-seleccion/image/pista-autos-en-pista/194-img-2114.jpg,1677874,2026-05-22T14:06:33.379Z,78af376b0bbfd32cb7efe07a24e2b249
honda-fest-2025-seleccion/image/pista-autos-en-pista/194-img-2114.jpg.txt,1009,2026-05-22T14:06:33.107Z,f4268582e11ad169ac02da017171a8cf
honda-fest-2025-seleccion/image/pista-autos-en-pista/195-img-2126.jpg,2210845,2026-05-22T14:06:33.225Z,3d279c3cf931b0322706b51ef9de3cc3
honda-fest-2025-seleccion/image/pista-autos-en-pista/195-img-2126.jpg.txt,1009,2026-05-22T14:06:33.571Z,83533c03d6229f58efb2e76c94be6829
honda-fest-2025-seleccion/image/pista-autos-en-pista/196-img-2131.jpg,1587010,2026-05-22T14:06:34.391Z,4f87b25ccfd469d42e2b25d6476b3f7a
honda-fest-2025-seleccion/image/pista-autos-en-pista/196-img-2131.jpg.txt,1009,2026-05-22T14:06:34.132Z,9450e7b7f3b84a4ae1781700fdd52409
honda-fest-2025-seleccion/image/pista-autos-en-pista/198-img-2193.jpg,1726702,2026-05-22T14:06:34.375Z,d928aac8f1471a77efc284d8b788f31f
honda-fest-2025-seleccion/image/pista-autos-en-pista/198-img-2193.jpg.txt,1009,2026-05-22T14:06:34.208Z,b458a018369639b7b68b09725c234839
honda-fest-2025-seleccion/image/pista-autos-en-pista/199-img-2259.jpg,1518199,2026-05-22T14:06:34.624Z,ef7d9b8f27b62e921391bba39b7917d2
honda-fest-2025-seleccion/image/pista-autos-en-pista/199-img-2259.jpg.txt,1009,2026-05-22T14:06:34.902Z,8f494b6edb247dd79e6f6bb3a18e0096
honda-fest-2025-seleccion/image/pista-autos-en-pista/200-img-2324.jpg,1666717,2026-05-22T14:06:35.238Z,636a22db839c5f32c6c190673c046636
honda-fest-2025-seleccion/image/pista-autos-en-pista/200-img-2324.jpg.txt,1009,2026-05-22T14:06:35.282Z,fca9950684741194cd2a1427a028625b
honda-fest-2025-seleccion/image/pista-autos-en-pista/201-img-2334.jpg,2064917,2026-05-22T14:06:35.795Z,0891033b90b0507271f604be671a3b31
honda-fest-2025-seleccion/image/pista-autos-en-pista/201-img-2334.jpg.txt,1009,2026-05-22T14:06:35.523Z,d26f2a2927ade3e323c602b91e25ceb1
honda-fest-2025-seleccion/image/pista-autos-en-pista/202-img-2367.jpg,1795719,2026-05-22T14:06:35.936Z,0535ceb85affb2305612c7801e491868
honda-fest-2025-seleccion/image/pista-autos-en-pista/202-img-2367.jpg.txt,1009,2026-05-22T14:06:36.008Z,045fe3c406f2af65f26936d3c4f6cbb2
honda-fest-2025-seleccion/image/pista-autos-en-pista/203-img-2378.jpg,2298334,2026-05-22T14:06:36.980Z,f48c6936a93b359b5bc5358852cd534b
honda-fest-2025-seleccion/image/pista-autos-en-pista/203-img-2378.jpg.txt,1009,2026-05-22T14:06:36.374Z,031e435a85bdf7555ff7eebfe91339db
honda-fest-2025-seleccion/image/pista-autos-en-pista/204-img-2393.jpg,2057660,2026-05-22T14:06:36.962Z,c4ccc055265ac205fbc2e5e8e9891676
honda-fest-2025-seleccion/image/pista-autos-en-pista/204-img-2393.jpg.txt,1009,2026-05-22T14:06:36.812Z,b83492a9ec1131d007583af127b4e8e2
honda-fest-2025-seleccion/image/pista-autos-en-pista/205-img-2422.jpg,2290990,2026-05-22T14:06:37.060Z,8cdf2b6a7c5e0ced866c04782f3f4709
honda-fest-2025-seleccion/image/pista-autos-en-pista/205-img-2422.jpg.txt,1009,2026-05-22T14:06:37.224Z,bb05448379866916339a53433ddccd7b
honda-fest-2025-seleccion/image/pista-autos-en-pista/206-img-2448.jpg,2375969,2026-05-22T14:06:38.197Z,eb4575ffecea742944c7053e75f5c42c
honda-fest-2025-seleccion/image/pista-autos-en-pista/206-img-2448.jpg.txt,1009,2026-05-22T14:06:38.240Z,4e8d98a930f4d9eda118a7dcdb56368d
honda-fest-2025-seleccion/image/pista-autos-en-pista/208-img-2643.jpg,1658845,2026-05-22T14:06:39.155Z,f2c56b2f035c39bfd712f8cfa37a4369
honda-fest-2025-seleccion/image/pista-autos-en-pista/208-img-2643.jpg.txt,1009,2026-05-22T14:06:39.233Z,6af5458710a36bb76ecb237f42640779
honda-fest-2025-seleccion/image/pista-autos-en-pista/209-img-2647.jpg,1672440,2026-05-22T14:06:39.495Z,6d7d82388a840baf380bed372c4d7e36
honda-fest-2025-seleccion/image/pista-autos-en-pista/209-img-2647.jpg.txt,1009,2026-05-22T14:06:39.787Z,7a80b06298ea957fd715ca52b4d4a585
honda-fest-2025-seleccion/image/pista-autos-en-pista/210-img-2656.jpg,1910263,2026-05-22T14:06:40.156Z,abe644cdc13b42f09f213cb66ac8b1df
honda-fest-2025-seleccion/image/pista-autos-en-pista/210-img-2656.jpg.txt,1009,2026-05-22T14:06:40.491Z,e4a1579f6c156be648be328f457141b2
honda-fest-2025-seleccion/image/pista-autos-en-pista/211-img-2721.jpg,1555678,2026-05-22T14:06:40.969Z,5c2d1c5a15d24f983393fc18e88aa18e
honda-fest-2025-seleccion/image/pista-autos-en-pista/211-img-2721.jpg.txt,1009,2026-05-22T14:06:40.777Z,f69253edcbe843cf8b973ef466804fcc
honda-fest-2025-seleccion/image/pista-autos-en-pista/212-img-2818.jpg,1883778,2026-05-22T14:06:41.453Z,21431ba83d16861ccabd2f41b039135d
honda-fest-2025-seleccion/image/pista-autos-en-pista/212-img-2818.jpg.txt,1009,2026-05-22T14:06:41.040Z,9cf020e2af4d07e1f516aab37c4c482b
honda-fest-2025-seleccion/image/pista-autos-en-pista/213-img-2824.jpg,1715531,2026-05-22T14:06:41.491Z,46dd4bf3d2d5b233dae8bd61c4245954
honda-fest-2025-seleccion/image/pista-autos-en-pista/213-img-2824.jpg.txt,1009,2026-05-22T14:06:41.633Z,120a8cb2e4497a943b3293bf7ae2d4ca
honda-fest-2025-seleccion/image/pista-autos-en-pista/214-img-2830.jpg,1566463,2026-05-22T14:06:41.992Z,d72a13251f920f9c71b207ad8016ed67
honda-fest-2025-seleccion/image/pista-autos-en-pista/214-img-2830.jpg.txt,1009,2026-05-22T14:06:41.924Z,67f167149b19ed533d33b602bde1908c
honda-fest-2025-seleccion/image/pista-autos-en-pista/215-img-2900.jpg,1220281,2026-05-22T14:06:42.546Z,d9a97d88859619ae4f80944aae1cf08d
honda-fest-2025-seleccion/image/pista-autos-en-pista/215-img-2900.jpg.txt,1009,2026-05-22T14:06:42.443Z,017a4e4977ede797439045b404c448b2
honda-fest-2025-seleccion/image/pista-autos-en-pista/216-img-2906.jpg,1558612,2026-05-22T14:06:42.879Z,f0fcc13d93251602201c74f05c7775d5
honda-fest-2025-seleccion/image/pista-autos-en-pista/216-img-2906.jpg.txt,1009,2026-05-22T14:06:42.841Z,d852b5c5d6fd9b9d58fa0fbe9b84fa2a
honda-fest-2025-seleccion/image/pista-autos-en-pista/217-img-2915.jpg,1863513,2026-05-22T14:06:43.228Z,f385eddab990a8b6533d1b1cdf89a0e7
honda-fest-2025-seleccion/image/pista-autos-en-pista/217-img-2915.jpg.txt,1009,2026-05-22T14:06:43.239Z,16b2b0867737b7d9429d61fca3b47de2
honda-fest-2025-seleccion/image/pista-autos-en-pista/218-img-2988.jpg,1854846,2026-05-22T14:06:43.685Z,3a9b607fa9ea1ff547474e8ed5b9da02
honda-fest-2025-seleccion/image/pista-autos-en-pista/218-img-2988.jpg.txt,1009,2026-05-22T14:06:43.666Z,0ddea240c1837b7ea156cebc1e24ca37
honda-fest-2025-seleccion/image/pista-autos-en-pista/219-img-2995.jpg,1514392,2026-05-22T14:06:43.989Z,21bf5ca2ca471dc3fcd18b92d9a867cb
honda-fest-2025-seleccion/image/pista-autos-en-pista/219-img-2995.jpg.txt,1009,2026-05-22T14:06:43.989Z,23d94070d2221ab97f28842cbf7319d6
honda-fest-2025-seleccion/image/pista-autos-en-pista/220-img-3048.jpg,1714201,2026-05-22T14:06:44.518Z,252908ba77c42feafca37c96820baecc
honda-fest-2025-seleccion/image/pista-autos-en-pista/220-img-3048.jpg.txt,1009,2026-05-22T14:06:44.560Z,d788619f7038a5b4003a749ed52013f7
honda-fest-2025-seleccion/image/pista-autos-en-pista/221-img-3054.jpg,1596039,2026-05-22T14:06:44.938Z,ee5e49aae2e705f24cdf44f2d40f53a1
honda-fest-2025-seleccion/image/pista-autos-en-pista/221-img-3054.jpg.txt,1009,2026-05-22T14:06:44.870Z,4560b229b22db4e2b5d17b12c88a060e
honda-fest-2025-seleccion/image/pista-autos-en-pista/222-img-3074.jpg,1911566,2026-05-22T14:06:45.940Z,fb1173423137315a8369f3d0a46d8aff
honda-fest-2025-seleccion/image/pista-autos-en-pista/222-img-3074.jpg.txt,1009,2026-05-22T14:06:45.276Z,1479c919a2a1db65cb7f97d8816047bf
honda-fest-2025-seleccion/image/pista-autos-en-pista/223-img-3108.jpg,1832672,2026-05-22T14:06:45.669Z,0c0a48e45ec75f97ece1075f29cae587
honda-fest-2025-seleccion/image/pista-autos-en-pista/223-img-3108.jpg.txt,1009,2026-05-22T14:06:45.670Z,8a17b8ea4a6f1db37e500829487e7426
honda-fest-2025-seleccion/image/pista-autos-en-pista/224-img-3118.jpg,1704741,2026-05-22T14:06:46.106Z,d16756bba62007886847a5e4258cf1a6
honda-fest-2025-seleccion/image/pista-autos-en-pista/224-img-3118.jpg.txt,1009,2026-05-22T14:06:46.060Z,b36c483baac5adf6f9ae3b4c2db37249
honda-fest-2025-seleccion/image/pista-autos-en-pista/225-img-3141.jpg,1647030,2026-05-22T14:06:46.632Z,1350d53721d13eb310622b1ac7781755
honda-fest-2025-seleccion/image/pista-autos-en-pista/225-img-3141.jpg.txt,1009,2026-05-22T14:06:46.642Z,401dd080aa0288e51954107e64b9b0be
honda-fest-2025-seleccion/image/pista-autos-en-pista/226-img-3173.jpg,1780171,2026-05-22T14:06:47.484Z,c243c8c6710be55b8815c7398adea6ac
honda-fest-2025-seleccion/image/pista-autos-en-pista/226-img-3173.jpg.txt,1009,2026-05-22T14:06:47.204Z,b7b2ab85d1dff50df0d25ce87c2e80ae
honda-fest-2025-seleccion/image/pista-autos-en-pista/227-img-3191.jpg,1696439,2026-05-22T14:32:47.928Z,3c41b1aa6e7b5615ba4ecc496e6c32b1
honda-fest-2025-seleccion/image/pista-autos-en-pista/227-img-3191.jpg.txt,1009,2026-05-22T14:32:48.529Z,825a4c7a5ab780cbcd22b34d108f5f9b
honda-fest-2025-seleccion/image/pista-autos-en-pista/228-img-3466.jpg,2166104,2026-05-22T14:32:49.341Z,458c253c6c445c8fe8d20b8370071270
honda-fest-2025-seleccion/image/pista-autos-en-pista/228-img-3466.jpg.txt,1009,2026-05-22T14:32:49.966Z,a35e7930640a36673968093394c953ad
honda-fest-2025-seleccion/image/premiacion-premiacion/231-img-3580.jpg,1763355,2026-05-22T14:07:21.560Z,84665e975c4a9787e5c235a58bbec400
honda-fest-2025-seleccion/image/premiacion-premiacion/231-img-3580.jpg.txt,963,2026-05-22T14:07:21.124Z,bc8a93329239feb762d2c4144e89c13a
honda-fest-2025-seleccion/image/premiacion-premiacion/232-img-3617.jpg,1927070,2026-05-22T14:07:21.506Z,6a214ef15f761368982b7a6c7731bb06
honda-fest-2025-seleccion/image/premiacion-premiacion/232-img-3617.jpg.txt,963,2026-05-22T14:07:21.059Z,f6e623b9e7c67578f57c1a2d6541cd9a
honda-fest-2025-seleccion/image/premiacion-premiacion/233-img-3655.jpg,1997127,2026-05-22T14:07:21.546Z,a169abe8bd15e3e5b29041f91ab8e635
honda-fest-2025-seleccion/image/premiacion-premiacion/233-img-3655.jpg.txt,963,2026-05-22T14:07:21.805Z,3a976b664ed9cf2ec434649b1d2ad41c
honda-fest-2025-seleccion/image/premiacion-premiacion/234-img-3685.jpg,1787839,2026-05-22T14:07:22.093Z,a965bcbde39570de9926fab2fe15b5b4
honda-fest-2025-seleccion/image/premiacion-premiacion/234-img-3685.jpg.txt,963,2026-05-22T14:07:22.287Z,6c2f0d1e30c83d7b95d03be57b5e1bf4
honda-fest-2025-seleccion/image/premiacion-premiacion/235-img-3718.jpg,2207827,2026-05-22T14:07:22.634Z,0060a51e5426ec0569706de885338871
honda-fest-2025-seleccion/image/premiacion-premiacion/235-img-3718.jpg.txt,963,2026-05-22T14:07:22.376Z,bd0042e27bdf053c677e44aa29de6f5a
honda-fest-2025-seleccion/image/premiacion-premiacion/237-img-3757.jpg,2144690,2026-05-22T14:07:23.312Z,2058e0d1767116e91bf598b4fec8a216
honda-fest-2025-seleccion/image/premiacion-premiacion/237-img-3757.jpg.txt,963,2026-05-22T14:07:22.909Z,3aee36254cdb3d4e6d8c2303dc8aae29
honda-fest-2025-seleccion/image/premiacion-premiacion/238-img-3789.jpg,1853813,2026-05-22T14:07:23.257Z,37e332ec3a46b67780e6edd2d2ff3e34
honda-fest-2025-seleccion/image/premiacion-premiacion/238-img-3789.jpg.txt,963,2026-05-22T14:07:23.133Z,a6708f0530822a1641b411b0407f7790
honda-fest-2025-seleccion/image/publico-publico-y-comunidad/134-img-0833.jpg,2877448,2026-05-22T14:07:37.475Z,87f149434b603b1b6c8d2ca84a911fda
honda-fest-2025-seleccion/image/publico-publico-y-comunidad/134-img-0833.jpg.txt,980,2026-05-22T14:07:36.809Z,7a03b3d2b0d889e37350605406940ce5
honda-fest-2025-seleccion/image/publico-publico-y-comunidad/138-img-0857.jpg,1543940,2026-05-22T14:07:37.290Z,f49dca98fe6c1b856da72f930ad2abe2
honda-fest-2025-seleccion/image/publico-publico-y-comunidad/138-img-0857.jpg.txt,980,2026-05-22T14:07:36.872Z,6c085257295d952c0e360ba42256d43f
honda-fest-2025-seleccion/image/publico-publico-y-comunidad/162-img-1401.jpg,2042412,2026-05-22T14:07:37.394Z,23ac33529338700e21313884ab3e707f
honda-fest-2025-seleccion/image/publico-publico-y-comunidad/162-img-1401.jpg.txt,980,2026-05-22T14:07:37.525Z,9ea2a5e37b2a246eb7bbc3fbe65969c7
honda-fest-2025-seleccion/image/publico-publico-y-comunidad/165-img-1417.jpg,1461131,2026-05-22T14:07:38.130Z,c3e899ed649feebbbc5c92a899090838
honda-fest-2025-seleccion/image/publico-publico-y-comunidad/165-img-1417.jpg.txt,980,2026-05-22T14:07:38.037Z,2b4edda22b837bc3cabd3ba03e28e449
honda-fest-2025-seleccion/image/publico-publico-y-comunidad/166-img-1421.jpg,1770862,2026-05-22T14:07:38.401Z,15c422ada2399a56a29cc602767b197b
honda-fest-2025-seleccion/image/publico-publico-y-comunidad/166-img-1421.jpg.txt,980,2026-05-22T14:07:38.271Z,171fec520bbc9d6eeddb390b1427669d
honda-fest-2025-seleccion/image/publico-publico-y-comunidad/230-img-3559.jpg,2048010,2026-05-22T14:07:38.542Z,d736a7c8558ebb85dc0970abd273929f
honda-fest-2025-seleccion/image/publico-publico-y-comunidad/230-img-3559.jpg.txt,980,2026-05-22T14:07:39.341Z,a26cd9de1811461d25763b236700834d
honda-fest-2025-seleccion/image/publico-publico-y-comunidad/236-img-3729.jpg,1837215,2026-05-22T14:07:39.509Z,1035ea8dd6c358120249a05878be4aa7
honda-fest-2025-seleccion/image/publico-publico-y-comunidad/236-img-3729.jpg.txt,980,2026-05-22T14:07:39.381Z,af5408477542a96ff46977d8b10dfa83
honda-fest-2025-seleccion/image/servicios-servicios-y-seguridad/207-img-2617.jpg,1814335,2026-05-22T14:08:51.150Z,f999381f61a241a39e407d7687eb3805
honda-fest-2025-seleccion/image/servicios-servicios-y-seguridad/207-img-2617.jpg.txt,964,2026-05-22T14:08:50.825Z,ce87df6be885687aaa57d051065dddf6
honda-fest-2025-seleccion/image/stands-stands-y-activaciones/129-img-0789.jpg,2808200,2026-05-22T14:08:51.181Z,79033132c01a047557e50c6937522755
honda-fest-2025-seleccion/image/stands-stands-y-activaciones/129-img-0789.jpg.txt,1019,2026-05-22T14:08:50.879Z,598053730e75f56d6c7e6e189e1acb55
honda-fest-2025/,0,2026-05-22T13:58:18.141Z,d41d8cd98f00b204e9800998ecf8427e
honda-fest-2025/image/,0,2026-05-22T13:58:39.404Z,d41d8cd98f00b204e9800998ecf8427e
honda-fest-2025/image/exhibicion-exhibicion-y-paddock/014-img-0322.jpg,2758895,2026-05-22T13:58:54.281Z,78688758cb8b74766eb762ffe8d9c295
honda-fest-2025/image/exhibicion-exhibicion-y-paddock/014-img-0322.jpg.txt,947,2026-05-22T13:58:53.086Z,d69b60c8520a5ed13dde54a87091a225
honda-fest-2025/image/exhibicion-exhibicion-y-paddock/015-img-0341.jpg,2775927,2026-05-22T13:58:54.324Z,84577c369eda397c6b9f8d2c995c145a
honda-fest-2025/image/exhibicion-exhibicion-y-paddock/015-img-0341.jpg.txt,947,2026-05-22T13:58:53.076Z,c103b4aa13447b5edb4c50780ce1fd59
honda-fest-2025/image/exhibicion-exhibicion-y-paddock/016-img-0347.jpg,2960637,2026-05-22T13:58:54.424Z,8c5a25e26415ee55a9a72de5ecc5c8ba
honda-fest-2025/image/exhibicion-exhibicion-y-paddock/016-img-0347.jpg.txt,947,2026-05-22T13:58:53.958Z,b79489fc111fe36652cfd4322f0c1bc3
honda-fest-2025/image/exhibicion-exhibicion-y-paddock/054-img-8732.jpg,1811665,2026-05-22T13:58:54.680Z,7a610bc7dc585466dc2ba78a1377efa3
honda-fest-2025/image/exhibicion-exhibicion-y-paddock/054-img-8732.jpg.txt,947,2026-05-22T13:58:54.703Z,33c9041d67e9935fd593f0db5a7107bb
honda-fest-2025/image/exhibicion-exhibicion-y-paddock/055-img-8758.jpg,1894497,2026-05-22T13:58:55.630Z,db5550236d369f105afafb1abd2849c7
honda-fest-2025/image/exhibicion-exhibicion-y-paddock/055-img-8758.jpg.txt,947,2026-05-22T13:58:55.191Z,f779abdec31336b6a7f14b1dbc1b832d
honda-fest-2025/image/exhibicion-exhibicion-y-paddock/056-img-8766.jpg,2013407,2026-05-22T13:58:56.124Z,fe9ad7fa84d6babbafe44de8959cdc5d
honda-fest-2025/image/exhibicion-exhibicion-y-paddock/056-img-8766.jpg.txt,947,2026-05-22T13:58:55.541Z,3b55e0cf5bb32f4e92fa2b06ad025d3e
honda-fest-2025/image/exhibicion-exhibicion-y-paddock/059-img-8824.jpg,2323262,2026-05-22T13:58:56.291Z,4c730704e180371e1b4d8621cc3edb72
honda-fest-2025/image/exhibicion-exhibicion-y-paddock/059-img-8824.jpg.txt,947,2026-05-22T13:58:55.938Z,72bdb5f9116ed0ae379f684f659e1e86
honda-fest-2025/image/exhibicion-exhibicion-y-paddock/060-img-8830.jpg,2558028,2026-05-22T13:58:57.136Z,0e5425e40d4bdd4ed441ec3b2b453548
honda-fest-2025/image/exhibicion-exhibicion-y-paddock/060-img-8830.jpg.txt,947,2026-05-22T13:58:56.458Z,075573bb1b2918b6bc54b1397756e606
honda-fest-2025/image/exhibicion-exhibicion-y-paddock/061-img-8844.jpg,2420565,2026-05-22T13:58:57.565Z,4976e08e852020107796a3f7310e0a12
honda-fest-2025/image/exhibicion-exhibicion-y-paddock/061-img-8844.jpg.txt,947,2026-05-22T13:58:56.916Z,70a981d51cc9689131102dc5658cd4dc
honda-fest-2025/image/exhibicion-exhibicion-y-paddock/062-img-8848.jpg,2529399,2026-05-22T13:58:57.854Z,c96d5b1f43d3b3f52d11e93c80c01298
honda-fest-2025/image/exhibicion-exhibicion-y-paddock/062-img-8848.jpg.txt,947,2026-05-22T13:58:57.293Z,d8634a71fb7a2f1d8e9ca57275ab983d
honda-fest-2025/image/exhibicion-exhibicion-y-paddock/063-img-8866.jpg,2383911,2026-05-22T13:58:58.427Z,0b357d4868680bdce04c7cce81e9f2f0
honda-fest-2025/image/exhibicion-exhibicion-y-paddock/063-img-8866.jpg.txt,947,2026-05-22T13:58:57.849Z,334a8503fee4298d0fbd812b82921ba6
honda-fest-2025/image/exhibicion-exhibicion-y-paddock/120-img-9964.jpg,2756980,2026-05-22T13:58:58.932Z,2a6e02939a6b814c0bcef536d39e459b
honda-fest-2025/image/exhibicion-exhibicion-y-paddock/120-img-9964.jpg.txt,947,2026-05-22T13:58:58.265Z,9c8ef0b9d7bb8726ad0189f41013c8a4
honda-fest-2025/image/exhibicion-exhibicion-y-paddock/121-img-9967.jpg,2523908,2026-05-22T13:58:59.006Z,c975ce9b7a965768cbf351c3d77b61e5
honda-fest-2025/image/exhibicion-exhibicion-y-paddock/121-img-9967.jpg.txt,947,2026-05-22T13:58:58.682Z,47e8c19d1f5b22d11c1e2521671e375b
honda-fest-2025/image/exhibicion-exhibicion-y-paddock/122-img-9970.jpg,2425104,2026-05-22T13:58:59.824Z,9cf2a5c3dd7ca741b971fa13b81c09df
honda-fest-2025/image/exhibicion-exhibicion-y-paddock/122-img-9970.jpg.txt,947,2026-05-22T13:58:59.243Z,7b90ec61c122a7335d8977db1e245fe0
honda-fest-2025/image/exhibicion-exhibicion-y-paddock/124-img-9976.jpg,2723100,2026-05-22T13:58:59.830Z,d7d3fe55200416409b1a1e16ac6b9f13
honda-fest-2025/image/exhibicion-exhibicion-y-paddock/124-img-9976.jpg.txt,947,2026-05-22T13:58:59.988Z,a1057eff083f20fb872f8df6e6e4f3d1
honda-fest-2025/image/marca-marca-y-detalles/057-img-8811.jpg,1523114,2026-05-22T13:59:14.158Z,f33aa617061fc1aaa0c90bd43740ddd0
honda-fest-2025/image/marca-marca-y-detalles/057-img-8811.jpg.txt,901,2026-05-22T13:59:13.362Z,ac99ac5b9933d1cf5f7b6aaf9103ddd5
honda-fest-2025/image/marca-marca-y-detalles/058-img-8816.jpg,2020094,2026-05-22T13:59:13.902Z,e72dd13f96e107db56f8810139388a05
honda-fest-2025/image/marca-marca-y-detalles/058-img-8816.jpg.txt,901,2026-05-22T13:59:13.482Z,a5e2453f73ca38f32351b3b8c1795204
honda-fest-2025/image/marca-marca-y-detalles/064-img-8882.jpg,2336159,2026-05-22T13:59:14.144Z,fbb4102f27dfa310cf5dcc6525221b04
honda-fest-2025/image/marca-marca-y-detalles/064-img-8882.jpg.txt,901,2026-05-22T13:59:14.144Z,625d5830f7bab43a412c94f99d78dae0
honda-fest-2025/image/moto-motos-y-movilidad/017-img-0358.jpg,2455571,2026-05-22T13:59:21.727Z,11722c747adb05427d0e3a15cd4941cf
honda-fest-2025/image/moto-motos-y-movilidad/017-img-0358.jpg.txt,856,2026-05-22T13:59:20.756Z,b018d596c175dd5abd307a55a32b1553
honda-fest-2025/image/moto-motos-y-movilidad/066-img-8926.jpg,2053983,2026-05-22T13:59:21.584Z,b2a8cc1eb3229fcada43042fc9b77b0d
honda-fest-2025/image/moto-motos-y-movilidad/066-img-8926.jpg.txt,856,2026-05-22T13:59:20.912Z,9806fe2c6a4ad5eae5fd6f9d62831008
honda-fest-2025/image/pista-autos-en-pista/,0,2026-05-22T13:59:40.009Z,d41d8cd98f00b204e9800998ecf8427e
honda-fest-2025/image/pista-autos-en-pista/001-img-0014.jpg,1963844,2026-05-22T14:00:08.522Z,96f397f86cf7a0b849b258a773ada948
honda-fest-2025/image/pista-autos-en-pista/001-img-0014.jpg.txt,935,2026-05-22T14:00:08.037Z,4e375d41dabae38346159eea728b00e4
honda-fest-2025/image/pista-autos-en-pista/002-img-0031.jpg,1854874,2026-05-22T14:00:09.022Z,31c40955c104a06a686313c8739107af
honda-fest-2025/image/pista-autos-en-pista/002-img-0031.jpg.txt,935,2026-05-22T14:00:08.672Z,9d083132eb9362697ee636994ff7e3a7
honda-fest-2025/image/pista-autos-en-pista/003-img-0038.jpg,1905429,2026-05-22T14:00:09.484Z,0e5dc2dfbe3bcef662b6fb01cae04f10
honda-fest-2025/image/pista-autos-en-pista/003-img-0038.jpg.txt,935,2026-05-22T14:00:09.393Z,660154465dc3cc5bf4bd1e330df07050
honda-fest-2025/image/pista-autos-en-pista/004-img-0051.jpg,2174837,2026-05-22T14:00:10.081Z,d4498c3ab7c6b5db41efea964bc61363
honda-fest-2025/image/pista-autos-en-pista/004-img-0051.jpg.txt,935,2026-05-22T14:00:09.424Z,d46b73cc6284aeb87121f71ef04c6200
honda-fest-2025/image/pista-autos-en-pista/005-img-0079.jpg,1786099,2026-05-22T14:00:10.541Z,79b60376e8f3530c87992349c1686129
honda-fest-2025/image/pista-autos-en-pista/005-img-0079.jpg.txt,935,2026-05-22T14:00:10.212Z,7b3fcbd82626a77628f3c23e2e490664
honda-fest-2025/image/pista-autos-en-pista/006-img-0216.jpg,1764782,2026-05-22T14:00:10.461Z,381b388e3e82577d7ff05a95afdbff39
honda-fest-2025/image/pista-autos-en-pista/006-img-0216.jpg.txt,935,2026-05-22T14:00:10.462Z,3875d141dbcb8361f781fbb673cebdea
honda-fest-2025/image/pista-autos-en-pista/007-img-0218.jpg,1917807,2026-05-22T14:00:11.225Z,b78087228fe2d4722a9c9be4eca1d727
honda-fest-2025/image/pista-autos-en-pista/007-img-0218.jpg.txt,935,2026-05-22T14:00:11.044Z,0e621042eb8ffb3e52d1fd9c571b9bbb
honda-fest-2025/image/pista-autos-en-pista/008-img-0220.jpg,1380082,2026-05-22T14:00:11.844Z,8270523a0c79930bc074741e3f776cbb
honda-fest-2025/image/pista-autos-en-pista/008-img-0220.jpg.txt,935,2026-05-22T14:00:11.592Z,e1eeee429f624c526473ed022c08912b
honda-fest-2025/image/pista-autos-en-pista/009-img-0229.jpg,1591892,2026-05-22T14:00:12.043Z,b234b979b4a6ca96f5b7408caca25844
honda-fest-2025/image/pista-autos-en-pista/009-img-0229.jpg.txt,935,2026-05-22T14:00:11.934Z,99eb1d13fd97ec28fc248a8f5e8ad54e
honda-fest-2025/image/pista-autos-en-pista/010-img-0286.jpg,1802699,2026-05-22T14:00:12.634Z,2a526dd8511926695b5d6e8f8cb0f4e1
honda-fest-2025/image/pista-autos-en-pista/010-img-0286.jpg.txt,935,2026-05-22T14:00:12.566Z,a61738ae7ecb4530cb51c51577427fde
honda-fest-2025/image/pista-autos-en-pista/011-img-0289.jpg,1622021,2026-05-22T14:00:12.891Z,57dbf4cb8595b243f465707ca4ffadd6
honda-fest-2025/image/pista-autos-en-pista/011-img-0289.jpg.txt,935,2026-05-22T14:00:12.822Z,2554859d1aedd57635f38b864c7cd013
honda-fest-2025/image/pista-autos-en-pista/012-img-0299.jpg,1773799,2026-05-22T14:00:13.497Z,946dec3e271be055478a57e67201fd3c
honda-fest-2025/image/pista-autos-en-pista/012-img-0299.jpg.txt,935,2026-05-22T14:00:13.407Z,3092e72fdeda42369f6278173f5ec3f2
honda-fest-2025/image/pista-autos-en-pista/013-img-0306.jpg,1738014,2026-05-22T14:00:13.752Z,3a91d0fcf1d15fd71739572f9f0a0b78
honda-fest-2025/image/pista-autos-en-pista/013-img-0306.jpg.txt,935,2026-05-22T14:00:13.779Z,75d8b473ce271c2f734f6f1b51a68553
honda-fest-2025/image/pista-autos-en-pista/018-img-0374.jpg,1726579,2026-05-22T14:00:13.879Z,01b2bc33f65d17884c36d3580f1f1d3f
honda-fest-2025/image/pista-autos-en-pista/018-img-0374.jpg.txt,935,2026-05-22T14:00:14.279Z,b73f882847cc8292060e658c5c981aa6
honda-fest-2025/image/pista-autos-en-pista/019-img-0410.jpg,1822914,2026-05-22T14:00:14.778Z,c129bd7f7561cee975178ba90883cc20
honda-fest-2025/image/pista-autos-en-pista/019-img-0410.jpg.txt,935,2026-05-22T14:00:14.572Z,e7396e9ff880e4391dc18004973b74e8
honda-fest-2025/image/pista-autos-en-pista/020-img-0412.jpg,1958117,2026-05-22T14:00:15.116Z,e5a978aa86f77c27743980b489e28249
honda-fest-2025/image/pista-autos-en-pista/020-img-0412.jpg.txt,935,2026-05-22T14:00:14.673Z,b9b982784dd8afa1ad87d88cd630ee01
honda-fest-2025/image/pista-autos-en-pista/021-img-0414.jpg,1826638,2026-05-22T14:00:15.233Z,969337ad25d9ec5c8a99498746d95c76
honda-fest-2025/image/pista-autos-en-pista/021-img-0414.jpg.txt,935,2026-05-22T14:00:15.325Z,5642d91d4e28cc16058c2c4f33611c74
honda-fest-2025/image/pista-autos-en-pista/022-img-0422.jpg,1775818,2026-05-22T14:00:15.761Z,c212ac83dee629f373abe2259799656f
honda-fest-2025/image/pista-autos-en-pista/022-img-0422.jpg.txt,935,2026-05-22T14:00:15.706Z,3fff7737da1e78cfd5fbf6c9e78e64d8
honda-fest-2025/image/pista-autos-en-pista/023-img-0456.jpg,1602826,2026-05-22T14:00:16.122Z,3a4f7687040a1a9d11a4780c7549df04
honda-fest-2025/image/pista-autos-en-pista/023-img-0456.jpg.txt,935,2026-05-22T14:00:16.243Z,572a67ae7e319fd691dadae777863f14
honda-fest-2025/image/pista-autos-en-pista/024-img-0461.jpg,1809874,2026-05-22T14:00:16.778Z,72d75f6737eeba976bc0218dd02901f7
honda-fest-2025/image/pista-autos-en-pista/024-img-0461.jpg.txt,935,2026-05-22T14:00:16.424Z,5b5ba0337d413afa4b424910b13bd48b
honda-fest-2025/image/pista-autos-en-pista/025-img-0467.jpg,1762428,2026-05-22T14:00:17.552Z,a0b713224040fdaa2e04ac99e5f49853
honda-fest-2025/image/pista-autos-en-pista/025-img-0467.jpg.txt,935,2026-05-22T14:00:16.863Z,76583739498e0630f932879ef90f53f6
honda-fest-2025/image/pista-autos-en-pista/026-img-0468.jpg,1771659,2026-05-22T14:00:06.877Z,a2cd9ca1ab290daf61138205a2a48882
honda-fest-2025/image/pista-autos-en-pista/026-img-0468.jpg.txt,935,2026-05-22T14:00:07.196Z,6772afa188cdd88394e13482f9aca4e5
honda-fest-2025/image/pista-autos-en-pista/027-img-0471.jpg,1702853,2026-05-22T14:00:06.878Z,855445e4c75612e2bf88add6fd6b9730
honda-fest-2025/image/pista-autos-en-pista/027-img-0471.jpg.txt,935,2026-05-22T14:00:06.444Z,88695daa6b9851bc16c1b7c0754186b1
honda-fest-2025/image/pista-autos-en-pista/028-img-0502.jpg,1589466,2026-05-22T14:00:06.395Z,c63b15ac244cd4494639a16cbb95c141
honda-fest-2025/image/pista-autos-en-pista/028-img-0502.jpg.txt,935,2026-05-22T14:00:07.571Z,be5fcc004a6aeaab4ed6789d26d9ce22
honda-fest-2025/image/pista-autos-en-pista/029-img-0574.jpg,1809883,2026-05-22T14:00:08.399Z,e456aa14dae0cbea1265e637d297c5b1
honda-fest-2025/image/pista-autos-en-pista/029-img-0574.jpg.txt,935,2026-05-22T14:00:07.807Z,2a8d120a855793071e673b64c09eace8
honda-fest-2025/image/pista-autos-en-pista/030-img-0584.jpg,1993259,2026-05-22T14:01:23.626Z,4a29aab219be377421becb28342fd527
honda-fest-2025/image/pista-autos-en-pista/030-img-0584.jpg.txt,935,2026-05-22T14:01:23.068Z,78b918abc93e9607f938ba50b6cb5e54
honda-fest-2025/image/pista-autos-en-pista/031-img-0592.jpg,1904043,2026-05-22T14:01:23.892Z,433870abdcb1936f7dc8d1f99d5696a3
honda-fest-2025/image/pista-autos-en-pista/031-img-0592.jpg.txt,935,2026-05-22T14:01:23.031Z,6b05310aaf498014a558990ee7bf20a9
honda-fest-2025/image/pista-autos-en-pista/032-img-0659.jpg,1737418,2026-05-22T14:01:24.034Z,4892127a84e0044b0a28899a52e31464
honda-fest-2025/image/pista-autos-en-pista/032-img-0659.jpg.txt,935,2026-05-22T14:01:23.792Z,b720fe77f38970b11874953292fb66f6
honda-fest-2025/image/pista-autos-en-pista/033-img-0662.jpg,2068189,2026-05-22T14:01:24.242Z,a7a786913ba66264226d2f5013a61905
honda-fest-2025/image/pista-autos-en-pista/033-img-0662.jpg.txt,935,2026-05-22T14:01:24.413Z,f27dc766a6ae98f0fb90174602c30f88
honda-fest-2025/image/pista-autos-en-pista/034-img-0667.jpg,1817475,2026-05-22T14:01:25.212Z,2d3ba75be2c3ddb7a187679eb5f78bdc
honda-fest-2025/image/pista-autos-en-pista/034-img-0667.jpg.txt,935,2026-05-22T14:01:24.717Z,0902114e5280d3f7b92457fce1746546
honda-fest-2025/image/pista-autos-en-pista/035-img-0674.jpg,1978429,2026-05-22T14:01:25.126Z,d9dadbf3802cd5d1205b83f6fab3b8b1
honda-fest-2025/image/pista-autos-en-pista/035-img-0674.jpg.txt,935,2026-05-22T14:01:25.112Z,9d423753c8462e83396e36624ae096c3
honda-fest-2025/image/pista-autos-en-pista/036-img-0722.jpg,2070375,2026-05-22T14:01:25.534Z,10c1d6e690e0cf268c5a5dd60b67834c
honda-fest-2025/image/pista-autos-en-pista/036-img-0722.jpg.txt,935,2026-05-22T14:01:25.497Z,9db6f547e9bb19c7ce93a049606ff8bd
honda-fest-2025/image/pista-autos-en-pista/037-img-0745.jpg,1691736,2026-05-22T14:01:26.585Z,e2b4f95fc18320180655ef85e38e301c
honda-fest-2025/image/pista-autos-en-pista/037-img-0745.jpg.txt,935,2026-05-22T14:01:26.031Z,0d109f61c8bedd66e3c7042025e660e1
honda-fest-2025/image/pista-autos-en-pista/038-img-0793.jpg,1617014,2026-05-22T14:01:26.653Z,a4be9bd3d6722e69859e8b9da93bfdfb
honda-fest-2025/image/pista-autos-en-pista/038-img-0793.jpg.txt,935,2026-05-22T14:01:26.353Z,43aa655d1842eed7416a1f8af1874ff3
honda-fest-2025/image/pista-autos-en-pista/039-img-0941.jpg,1806192,2026-05-22T14:01:26.960Z,b8caa4c618f44d354b81d1088cbbaa1a
honda-fest-2025/image/pista-autos-en-pista/039-img-0941.jpg.txt,935,2026-05-22T14:01:26.842Z,d059a36dfec6b4eb4778fe2fe891e139
honda-fest-2025/image/pista-autos-en-pista/040-img-0969.jpg,1829754,2026-05-22T14:01:27.812Z,d8213a9aca199cbdeea528bbb91681bd
honda-fest-2025/image/pista-autos-en-pista/040-img-0969.jpg.txt,935,2026-05-22T14:01:27.397Z,a1083b3200062a85d362c03b0f524238
honda-fest-2025/image/pista-autos-en-pista/041-img-0990.jpg,2181637,2026-05-22T14:01:27.744Z,712da8111288de95d45af738ee0879b8
honda-fest-2025/image/pista-autos-en-pista/041-img-0990.jpg.txt,935,2026-05-22T14:01:27.779Z,44f2004ef7fe11d7649fb1031876f6fe
honda-fest-2025/image/pista-autos-en-pista/053-img-1830.jpg,3842424,2026-05-22T14:01:28.427Z,3d6eeda2be47d7eb62b48265010c9bab
honda-fest-2025/image/pista-autos-en-pista/053-img-1830.jpg.txt,935,2026-05-22T14:01:28.169Z,a5b0f73689aa293b7a3f60c49b087c29
honda-fest-2025/image/pista-autos-en-pista/067-img-8957.jpg,1800241,2026-05-22T14:01:29.138Z,78a787a4e9fd2061b630206e82f3d39c
honda-fest-2025/image/pista-autos-en-pista/067-img-8957.jpg.txt,935,2026-05-22T14:01:28.668Z,647126762a56e841fc42bafcd394213b
honda-fest-2025/image/pista-autos-en-pista/068-img-8959.jpg,1568018,2026-05-22T14:01:28.942Z,dc23755e7a747010824a8ae64b834f54
honda-fest-2025/image/pista-autos-en-pista/068-img-8959.jpg.txt,935,2026-05-22T14:01:28.910Z,727ef281b7b259cb8793735e15727a2a
honda-fest-2025/image/pista-autos-en-pista/069-img-8962.jpg,1537432,2026-05-22T14:01:29.388Z,f0afb81db3d297104f29473850a49b16
honda-fest-2025/image/pista-autos-en-pista/069-img-8962.jpg.txt,935,2026-05-22T14:01:29.782Z,1d7ccd8fffd42cf40d54d9d8817b8ff1
honda-fest-2025/image/pista-autos-en-pista/070-img-8968.jpg,1486124,2026-05-22T14:01:30.223Z,cd996e5855c48e141ae2c509ecd94292
honda-fest-2025/image/pista-autos-en-pista/070-img-8968.jpg.txt,935,2026-05-22T14:01:29.826Z,4a1344691268872bf9827ebffe6c7f1f
honda-fest-2025/image/pista-autos-en-pista/071-img-8972.jpg,2275898,2026-05-22T14:01:30.787Z,d501408dbee81e7276802a8a249a40ff
honda-fest-2025/image/pista-autos-en-pista/071-img-8972.jpg.txt,935,2026-05-22T14:01:30.481Z,2f3fb6567cb8a1f46530c996f10a584f
honda-fest-2025/image/pista-autos-en-pista/072-img-8974.jpg,1662441,2026-05-22T14:01:30.832Z,4c603db277daf2c966661b8faae68570
honda-fest-2025/image/pista-autos-en-pista/072-img-8974.jpg.txt,935,2026-05-22T14:01:30.672Z,72446a736e80b6e62aa90a1ee2e3cba8
honda-fest-2025/image/pista-autos-en-pista/073-img-8975.jpg,1759463,2026-05-22T14:01:31.649Z,1acce103ed6d8c991d11bccbeca0f917
honda-fest-2025/image/pista-autos-en-pista/073-img-8975.jpg.txt,935,2026-05-22T14:01:31.279Z,565c42aa248a0908df59d49efaeab98a
honda-fest-2025/image/pista-autos-en-pista/074-img-8977.jpg,1641244,2026-05-22T14:01:31.779Z,52fa0c851bd6f1d0f67b2d4728d22b32
honda-fest-2025/image/pista-autos-en-pista/074-img-8977.jpg.txt,935,2026-05-22T14:01:31.815Z,4ec4005c1bd31d1816bfcac3b3af6947
honda-fest-2025/image/pista-autos-en-pista/075-img-9055.jpg,2372499,2026-05-22T14:01:32.038Z,6c86bcca30f94bfc98b05efc8f96baf9
honda-fest-2025/image/pista-autos-en-pista/075-img-9055.jpg.txt,935,2026-05-22T14:01:32.702Z,b7d3a2ac0eec602c166f05abb7860842
honda-fest-2025/image/pista-autos-en-pista/076-img-9096.jpg,1597819,2026-05-22T14:01:33.360Z,1c6317213da95747d08b2fc5fd01a355
honda-fest-2025/image/pista-autos-en-pista/076-img-9096.jpg.txt,935,2026-05-22T14:01:33.035Z,b20e2f59e287cb3ad863caf50de9b4ec
honda-fest-2025/image/pista-autos-en-pista/077-img-9105.jpg,1625945,2026-05-22T14:01:33.791Z,de38db8c7f7b5bbd9c92253324df21f5
honda-fest-2025/image/pista-autos-en-pista/077-img-9105.jpg.txt,935,2026-05-22T14:01:33.475Z,e78402b7502471b6b6565e53fc2779a5
honda-fest-2025/image/pista-autos-en-pista/078-img-9109.jpg,2871470,2026-05-22T14:01:34.536Z,aef19a7102c053a8d16c881bc2db36cd
honda-fest-2025/image/pista-autos-en-pista/078-img-9109.jpg.txt,935,2026-05-22T14:01:34.072Z,e1c2c6e35337c7d864230f00614e1341
honda-fest-2025/image/pista-autos-en-pista/079-img-9115.jpg,1744154,2026-05-22T14:01:34.805Z,d586190b593a376cba1b93434cdd1b6c
honda-fest-2025/image/pista-autos-en-pista/079-img-9115.jpg.txt,935,2026-05-22T14:01:34.403Z,664902e0c0ba83a4cd85afd7c6b56706
honda-fest-2025/image/pista-autos-en-pista/080-img-9120.jpg,1539049,2026-05-22T14:01:35.724Z,3587172c0a3d2bc1cee7dd3581a61e9d
honda-fest-2025/image/pista-autos-en-pista/080-img-9120.jpg.txt,935,2026-05-22T14:01:34.886Z,e5928826099129fcf284c192d3c9d887
honda-fest-2025/image/pista-autos-en-pista/081-img-9128.jpg,1673244,2026-05-22T14:01:35.364Z,e72159f79c428d2163af7f86d98a68bb
honda-fest-2025/image/pista-autos-en-pista/081-img-9128.jpg.txt,935,2026-05-22T14:01:35.422Z,c8b59e57435fd54dc8cfa779964bb4ce
honda-fest-2025/image/pista-autos-en-pista/082-img-9142.jpg,1831095,2026-05-22T14:01:35.822Z,2ec0ee56c92dc728b31b3359c947ebcd
honda-fest-2025/image/pista-autos-en-pista/082-img-9142.jpg.txt,935,2026-05-22T14:01:35.888Z,788a458f2bd1665d490596b3eea332b6
honda-fest-2025/image/pista-autos-en-pista/083-img-9170.jpg,1656746,2026-05-22T14:01:36.751Z,6148eb496f09c7fc2c9b56c2cc67139b
honda-fest-2025/image/pista-autos-en-pista/083-img-9170.jpg.txt,935,2026-05-22T14:01:36.344Z,2fb6af2f08fed039cfefd68a5fc65aa4
honda-fest-2025/image/pista-autos-en-pista/084-img-9269.jpg,1791706,2026-05-22T14:01:36.730Z,5d7d05a4870f1a3a227006ecbe14a831
honda-fest-2025/image/pista-autos-en-pista/084-img-9269.jpg.txt,935,2026-05-22T14:01:36.733Z,723d15e0dbef6a95b046b440afb1e1ac
honda-fest-2025/image/pista-autos-en-pista/085-img-9288.jpg,2203110,2026-05-22T14:01:37.029Z,f228d864be84e1c06acf73040da476f5
honda-fest-2025/image/pista-autos-en-pista/085-img-9288.jpg.txt,935,2026-05-22T14:01:37.102Z,536bccf8d9f86968a59d51808b344882
honda-fest-2025/image/pista-autos-en-pista/086-img-9307.jpg,1585967,2026-05-22T14:01:38.597Z,d4171ac53b51a0977f391644513724e2
honda-fest-2025/image/pista-autos-en-pista/086-img-9307.jpg.txt,935,2026-05-22T14:01:37.686Z,4f18be629b6670c5ada5468e62e89919
honda-fest-2025/image/pista-autos-en-pista/087-img-9308.jpg,1628030,2026-05-22T14:01:38.261Z,18c3f3d2ec3b8a653c1b1344fb8215de
honda-fest-2025/image/pista-autos-en-pista/087-img-9308.jpg.txt,935,2026-05-22T14:01:37.870Z,802bc14f879c609c90c161a429b6fe05
honda-fest-2025/image/pista-autos-en-pista/088-img-9327.jpg,1800179,2026-05-22T14:01:38.227Z,1ce121e932bbe21c6046ab30633f2fe1
honda-fest-2025/image/pista-autos-en-pista/088-img-9327.jpg.txt,935,2026-05-22T14:01:39.005Z,cd016be54db957f574b26a0d7c5b367e
honda-fest-2025/image/pista-autos-en-pista/089-img-9330.jpg,1629215,2026-05-22T14:01:39.283Z,1bc600cec41a6236f62055aa323fb58a
honda-fest-2025/image/pista-autos-en-pista/089-img-9330.jpg.txt,935,2026-05-22T14:01:38.982Z,570abd2963e84b293b1dd19c05bc18e6
honda-fest-2025/image/pista-autos-en-pista/090-img-9339.jpg,1538938,2026-05-22T14:01:39.310Z,b15fca2a35c641def5530da5e60ed69e
honda-fest-2025/image/pista-autos-en-pista/090-img-9339.jpg.txt,935,2026-05-22T14:01:39.376Z,28dbb0f728ceb20d688cc6d53079d625
honda-fest-2025/image/pista-autos-en-pista/091-img-9346.jpg,1454207,2026-05-22T14:01:46.155Z,7cb0d90a9cdfe4bc1281b424208c0ca6
honda-fest-2025/image/pista-autos-en-pista/091-img-9346.jpg.txt,935,2026-05-22T14:01:45.871Z,85444d96e134fdab40ca7929cb009c73
honda-fest-2025/image/pista-autos-en-pista/092-img-9350.jpg,1683026,2026-05-22T14:01:46.259Z,63fd4d08399f63c2b2e94453ed5b2491
honda-fest-2025/image/pista-autos-en-pista/092-img-9350.jpg.txt,935,2026-05-22T14:01:45.792Z,8dfeb95252dbe6a87812d1d92dd7c9d9
honda-fest-2025/image/pista-autos-en-pista/093-img-9360.jpg,2179051,2026-05-22T14:01:46.336Z,048b34c1217d740aa39f5a5c946382e7
honda-fest-2025/image/pista-autos-en-pista/093-img-9360.jpg.txt,935,2026-05-22T14:01:46.577Z,7306625d618c1b5fff6ef2b7dbd04eb0
honda-fest-2025/image/pista-autos-en-pista/094-img-9369.jpg,2322494,2026-05-22T14:01:47.057Z,936142b36e23a804017082def0c0228e
honda-fest-2025/image/pista-autos-en-pista/094-img-9369.jpg.txt,935,2026-05-22T14:01:46.867Z,b9e93f1582536ad905cfa8c76cd5e8f5
honda-fest-2025/image/pista-autos-en-pista/095-img-9398.jpg,1824415,2026-05-22T14:01:47.341Z,3c0063bb2954587b3e9d86d0827a6ec5
honda-fest-2025/image/pista-autos-en-pista/095-img-9398.jpg.txt,935,2026-05-22T14:01:47.245Z,59eb5cd2f8e6f1c6baa198790b1ea710
honda-fest-2025/image/pista-autos-en-pista/096-img-9423.jpg,1685357,2026-05-22T14:01:47.501Z,ea3e63f77b1da982d2c5cde31e114101
honda-fest-2025/image/pista-autos-en-pista/096-img-9423.jpg.txt,935,2026-05-22T14:01:47.665Z,d90b899a879fcd45a48e95812b57036d
honda-fest-2025/image/pista-autos-en-pista/097-img-9426.jpg,1832638,2026-05-22T14:01:48.057Z,de4cc983681fe00ba92596d46ec6acd0
honda-fest-2025/image/pista-autos-en-pista/097-img-9426.jpg.txt,935,2026-05-22T14:01:48.027Z,4e8a9d2399c0707f6c1ed73e8170f6ef
honda-fest-2025/image/pista-autos-en-pista/098-img-9429.jpg,1861739,2026-05-22T14:01:48.475Z,44aed2a777b0a79f58af7c20a418523c
honda-fest-2025/image/pista-autos-en-pista/098-img-9429.jpg.txt,935,2026-05-22T14:01:48.338Z,50beb5964953f4952854c031cb3ed2b6
honda-fest-2025/image/pista-autos-en-pista/099-img-9433.jpg,1906840,2026-05-22T14:01:49.239Z,abbcf64b540d8b2d7993a13db09a3af3
honda-fest-2025/image/pista-autos-en-pista/099-img-9433.jpg.txt,935,2026-05-22T14:01:48.815Z,5f286d5c26538f416aa2c600566a3b1e
honda-fest-2025/image/pista-autos-en-pista/100-img-9436.jpg,1782567,2026-05-22T14:01:49.288Z,bde749cd55fb8bee05fda390a53eafd6
honda-fest-2025/image/pista-autos-en-pista/100-img-9436.jpg.txt,935,2026-05-22T14:01:49.128Z,13687552db8dc90f372b7ec03056c043
honda-fest-2025/image/pista-autos-en-pista/101-img-9439.jpg,1824810,2026-05-22T14:01:49.635Z,c9254f1a57a30372cd8f842e90d2dc4c
honda-fest-2025/image/pista-autos-en-pista/101-img-9439.jpg.txt,935,2026-05-22T14:01:49.571Z,ea01158a60b2a67678292a857ec04481
honda-fest-2025/image/pista-autos-en-pista/102-img-9472.jpg,1586965,2026-05-22T14:01:50.469Z,85bafd9b8b5b056a1fa8474fee13a574
honda-fest-2025/image/pista-autos-en-pista/102-img-9472.jpg.txt,935,2026-05-22T14:01:50.038Z,6240b3e4f2e0ae31d1ae51e0ac127f4b
honda-fest-2025/image/pista-autos-en-pista/103-img-9480.jpg,2770221,2026-05-22T14:01:50.474Z,64cab22a3811e608356f542a92024745
honda-fest-2025/image/pista-autos-en-pista/103-img-9480.jpg.txt,935,2026-05-22T14:01:50.349Z,6e2ac8a3e459c79e04f77c6c21644dd8
honda-fest-2025/image/pista-autos-en-pista/104-img-9529.jpg,2029847,2026-05-22T14:01:50.685Z,0d840c62ee324c4f7d095924f46cadea
honda-fest-2025/image/pista-autos-en-pista/104-img-9529.jpg.txt,935,2026-05-22T14:01:50.845Z,6eabe7da67d5b7981aabd552983aee7b
honda-fest-2025/image/pista-autos-en-pista/105-img-9535.jpg,2066099,2026-05-22T14:01:51.856Z,9118a9bcbf200de46d76b27555d9df5c
honda-fest-2025/image/pista-autos-en-pista/105-img-9535.jpg.txt,935,2026-05-22T14:01:51.227Z,d59e21418046341672d17c411e4146dc
honda-fest-2025/image/pista-autos-en-pista/106-img-9610.jpg,1861261,2026-05-22T14:01:51.539Z,3135909f716248b8f101ca58126ddb62
honda-fest-2025/image/pista-autos-en-pista/106-img-9610.jpg.txt,935,2026-05-22T14:01:51.718Z,922a14ecf1e31ec8f826eff52e2dce13
honda-fest-2025/image/pista-autos-en-pista/107-img-9625.jpg,2434839,2026-05-22T14:01:51.968Z,33a7fede71a20582a90c76c25a2de5d9
honda-fest-2025/image/pista-autos-en-pista/107-img-9625.jpg.txt,935,2026-05-22T14:01:51.988Z,d49e32af84646784b405a3719016ffbc
honda-fest-2025/image/pista-autos-en-pista/108-img-9634.jpg,1831445,2026-05-22T14:01:52.640Z,77af733e1c8858d0ae3282740715956d
honda-fest-2025/image/pista-autos-en-pista/108-img-9634.jpg.txt,935,2026-05-22T14:01:52.453Z,8c41ef933d71481bb14a99e1c8c96d56
honda-fest-2025/image/pista-autos-en-pista/109-img-9641.jpg,1717290,2026-05-22T14:01:52.853Z,9af178d572b1756e06d2535d16cc9a8d
honda-fest-2025/image/pista-autos-en-pista/109-img-9641.jpg.txt,935,2026-05-22T14:01:52.765Z,190da8d5581aaec95fb9ddd5b9de53c9
honda-fest-2025/image/pista-autos-en-pista/110-img-9659.jpg,1566992,2026-05-22T14:01:53.251Z,e63e4b79828cb638483c8e528edeb214
honda-fest-2025/image/pista-autos-en-pista/110-img-9659.jpg.txt,935,2026-05-22T14:01:53.380Z,6f31c50c7a78182db57e81d5f38176c0
honda-fest-2025/image/pista-autos-en-pista/111-img-9660.jpg,1618892,2026-05-22T14:01:53.597Z,6120504e2fbab29d8c986995bb6e2a81
honda-fest-2025/image/pista-autos-en-pista/111-img-9660.jpg.txt,935,2026-05-22T14:01:53.551Z,5c03fca6c825915d606562dfda7ff010
honda-fest-2025/image/pista-autos-en-pista/112-img-9784.jpg,1537035,2026-05-22T14:01:53.907Z,9474bace110b53614ae128e6f3f7c0e2
honda-fest-2025/image/pista-autos-en-pista/112-img-9784.jpg.txt,935,2026-05-22T14:01:54.184Z,859bf07e567dde64d6d4cdd7e219951f
honda-fest-2025/image/pista-autos-en-pista/113-img-9875.jpg,1685249,2026-05-22T14:01:54.386Z,fbf11311425f662d9705f0ba0568e1ba
honda-fest-2025/image/pista-autos-en-pista/113-img-9875.jpg.txt,935,2026-05-22T14:01:54.313Z,7ed4c1848426f02354668e10b5fb82d8
honda-fest-2025/image/pista-autos-en-pista/114-img-9882.jpg,1758047,2026-05-22T14:01:54.887Z,49d240af91ac38b80448df0a54793b12
honda-fest-2025/image/pista-autos-en-pista/114-img-9882.jpg.txt,935,2026-05-22T14:01:54.818Z,e6d8f84bea1e43a28b428dd969725d03
honda-fest-2025/image/pista-autos-en-pista/115-img-9885.jpg,1686232,2026-05-22T14:01:55.349Z,c14c1bee012976e1607cfe2aca75925a
honda-fest-2025/image/pista-autos-en-pista/115-img-9885.jpg.txt,935,2026-05-22T14:01:55.117Z,0f50fdf1aea61db0fc2c0e36cbae7eec
honda-fest-2025/image/pista-autos-en-pista/116-img-9889.jpg,1647366,2026-05-22T14:01:55.391Z,88a33d2095cf49373b5fcef4d437eac2
honda-fest-2025/image/pista-autos-en-pista/116-img-9889.jpg.txt,935,2026-05-22T14:01:55.609Z,e42f2be2e7d4db6c48b0309ea306810e
honda-fest-2025/image/pista-autos-en-pista/117-img-9894.jpg,1784793,2026-05-22T14:01:55.942Z,c2649e2e946b0aa0f738698b8f8fb6f4
honda-fest-2025/image/pista-autos-en-pista/117-img-9894.jpg.txt,935,2026-05-22T14:01:56.070Z,ee9d6803f2163e9ba16700a015225fd3
honda-fest-2025/image/pista-autos-en-pista/118-img-9925.jpg,1567277,2026-05-22T14:01:56.748Z,09a79fcaa3fba2405e168977dea494b7
honda-fest-2025/image/pista-autos-en-pista/118-img-9925.jpg.txt,935,2026-05-22T14:01:56.291Z,bfc7eaf3fd728180edce9a10fc9b1139
honda-fest-2025/image/pista-autos-en-pista/119-img-9948.jpg,1684001,2026-05-22T14:01:56.544Z,40dd23e474268d60edb3f3d822642abf
honda-fest-2025/image/pista-autos-en-pista/119-img-9948.jpg.txt,935,2026-05-22T14:01:56.763Z,9db10e7cb00a78ddfa48f95f90ecec36
honda-fest-2025/image/pista-autos-en-pista/125-img-9994.jpg,2600775,2026-05-22T14:01:57.156Z,b3518209d54e83ef05d75d4ec06f840f
honda-fest-2025/image/pista-autos-en-pista/125-img-9994.jpg.txt,935,2026-05-22T14:01:57.110Z,b6cc7981019fded25a6ca405218532aa
honda-fest-2025/image/pista-autos-en-pista/126-img-9998.jpg,1668019,2026-05-22T14:01:57.533Z,2a19fee26148dda99afee067f1638193
honda-fest-2025/image/pista-autos-en-pista/126-img-9998.jpg.txt,935,2026-05-22T14:01:57.533Z,39ecb9e8ec94c6aa80c4aeef3c624eab
honda-fest-2025/image/premiacion-premiacion/045-img-1430.jpg,2090022,2026-05-22T14:02:07.777Z,7231cf20eba69a2c1a4cac42ed946aa4
honda-fest-2025/image/premiacion-premiacion/045-img-1430.jpg.txt,889,2026-05-22T14:02:06.860Z,a86096d8e2caedd3d8b0a219c9642f4a
honda-fest-2025/image/premiacion-premiacion/046-img-1457.jpg,1947975,2026-05-22T14:02:07.802Z,9271d5fbb4ab17cbf4b961e2dc00b234
honda-fest-2025/image/premiacion-premiacion/046-img-1457.jpg.txt,889,2026-05-22T14:02:06.787Z,54abdc4a327bba049e83508c5cc748cf
honda-fest-2025/image/premiacion-premiacion/047-img-1487.jpg,2097167,2026-05-22T14:02:07.385Z,4a7f819faef640f807278ed3b5e4b674
honda-fest-2025/image/premiacion-premiacion/047-img-1487.jpg.txt,889,2026-05-22T14:02:07.705Z,da8612e1bb825a870febbc1004bd4d66
honda-fest-2025/image/premiacion-premiacion/048-img-1541.jpg,1867940,2026-05-22T14:02:07.925Z,21c703e7c97d5cf572bc141a7896cbab
honda-fest-2025/image/premiacion-premiacion/048-img-1541.jpg.txt,889,2026-05-22T14:02:08.137Z,d2aae35a0900fe136a9972f74f25072a
honda-fest-2025/image/premiacion-premiacion/049-img-1567.jpg,1968717,2026-05-22T14:02:09.136Z,7d154238e99054df69d804316a04f659
honda-fest-2025/image/premiacion-premiacion/049-img-1567.jpg.txt,889,2026-05-22T14:02:08.656Z,183ac43e6c67650c38b327a4a44ac608
honda-fest-2025/image/premiacion-premiacion/051-img-1610.jpg,1905118,2026-05-22T14:02:08.899Z,9ff9895badc93e19e3f9e9d375eedcbc
honda-fest-2025/image/premiacion-premiacion/051-img-1610.jpg.txt,889,2026-05-22T14:02:08.747Z,b25f1d159b37acc1499f2432f3db2cd7
honda-fest-2025/image/premiacion-premiacion/052-img-1647.jpg,1916164,2026-05-22T14:02:09.318Z,3de29bc10d9365479da03e20f358d5d0
honda-fest-2025/image/premiacion-premiacion/052-img-1647.jpg.txt,889,2026-05-22T14:02:09.425Z,1fb07d4786b425166d31ae2dc34d6493
honda-fest-2025/image/presentacion-presentacion-y-animacion/043-img-1342.jpg,1681773,2026-05-22T14:02:14.568Z,2334487ccf6607f79dde180ef366ec50
honda-fest-2025/image/presentacion-presentacion-y-animacion/043-img-1342.jpg.txt,905,2026-05-22T14:02:14.373Z,18f70ac2dd4afebf0cd40952fe2020e6
honda-fest-2025/image/publico-publico-y-comunidad/042-img-1315.jpg,2726900,2026-05-22T14:02:20.617Z,28259018baceae893f31c6d4bc7d80ab
honda-fest-2025/image/publico-publico-y-comunidad/042-img-1315.jpg.txt,906,2026-05-22T14:02:19.875Z,0e6a7f4bdc8af9d26c50dc0148fc3384
honda-fest-2025/image/publico-publico-y-comunidad/044-img-1382.jpg,2823915,2026-05-22T14:02:20.736Z,c884ebbde2f5ea67dccce48dc4f9184e
honda-fest-2025/image/publico-publico-y-comunidad/044-img-1382.jpg.txt,906,2026-05-22T14:02:19.804Z,0854d31a9651ef7c4eb337d0469171ee
honda-fest-2025/image/publico-publico-y-comunidad/050-img-1586.jpg,2368402,2026-05-22T14:02:20.564Z,ed125bbd047d88fd464380f53e46b7ca
honda-fest-2025/image/publico-publico-y-comunidad/050-img-1586.jpg.txt,906,2026-05-22T14:02:20.552Z,6b160162c363e4566eabd4a864c0ae1e
honda-fest-2025/image/publico-publico-y-comunidad/065-img-8914.jpg,1896166,2026-05-22T14:02:20.893Z,1344398909b6bb5322f67e9899527898
honda-fest-2025/image/publico-publico-y-comunidad/065-img-8914.jpg.txt,906,2026-05-22T14:02:21.319Z,df9631c0e4aa2613d4d161e1b6135a1c
honda-fest-2025/image/publico-publico-y-comunidad/123-img-9974.jpg,2400945,2026-05-22T14:02:21.687Z,8cd55b6126d38e4276570fdd22e26688
honda-fest-2025/image/publico-publico-y-comunidad/123-img-9974.jpg.txt,906,2026-05-22T14:02:21.473Z,14dcaf564d8b7d37352257642fbab3c0
japon-2025/,0,2026-05-22T14:09:25.171Z,d41d8cd98f00b204e9800998ecf8427e
japon-2025/image/,0,2026-05-22T14:09:46.686Z,d41d8cd98f00b204e9800998ecf8427e
japon-2025/image/acceso-acceso-y-ambiente/240-img-5926.jpg,2306698,2026-05-22T14:09:56.226Z,e41c78d9d67547ea37f34ee7cf19b961
japon-2025/image/acceso-acceso-y-ambiente/240-img-5926.jpg.txt,908,2026-05-22T14:09:54.744Z,f7ed77cab55a3ac818b5fbd305ed7c7c
japon-2025/image/acceso-acceso-y-ambiente/339-img-7694.jpg,2388176,2026-05-22T14:09:55.593Z,9508be3a5f0854860c77e6c4b399a52b
japon-2025/image/acceso-acceso-y-ambiente/339-img-7694.jpg.txt,908,2026-05-22T14:09:54.766Z,c6f7000ea2939e3660526cd881a352aa
japon-2025/image/acceso-acceso-y-ambiente/341-img-7705.jpg,2371200,2026-05-22T14:09:55.393Z,d672f4f9af960efd627914ee71b3f0e3
japon-2025/image/acceso-acceso-y-ambiente/341-img-7705.jpg.txt,908,2026-05-22T14:09:55.584Z,71393f938c577434b488fd19ee12b93b
japon-2025/image/acceso-acceso-y-ambiente/343-img-7716.jpg,2374852,2026-05-22T14:09:56.412Z,f77308637645b6f5fb6fd148c5a9db80
japon-2025/image/acceso-acceso-y-ambiente/343-img-7716.jpg.txt,908,2026-05-22T14:09:56.159Z,4058cb8a400db024b9b8959d0acbcbac
japon-2025/image/exhibicion-exhibicion-y-paddock/290-img-6986.jpg,1841213,2026-05-22T14:10:01.270Z,469281e9a37b9b012cc5d7872e29f985
japon-2025/image/exhibicion-exhibicion-y-paddock/290-img-6986.jpg.txt,959,2026-05-22T14:10:00.509Z,264c9b2e35e7cf26656911e4954dcd79
japon-2025/image/exhibicion-exhibicion-y-paddock/340-img-7702.jpg,2103511,2026-05-22T14:10:01.022Z,981820e3f150c0a7e8464246d975f150
japon-2025/image/exhibicion-exhibicion-y-paddock/340-img-7702.jpg.txt,959,2026-05-22T14:10:00.541Z,c898cb27d487ea0ec6e0ffe206aaf9db
japon-2025/image/exhibicion-exhibicion-y-paddock/342-img-7707.jpg,1435039,2026-05-22T14:10:01.164Z,52e6dab7bf9ad95e5001c3f8d05fc8ce
japon-2025/image/exhibicion-exhibicion-y-paddock/342-img-7707.jpg.txt,959,2026-05-22T14:10:01.534Z,94af0ebf0be608e478f9734266f17c2f
japon-2025/image/marca-marca-y-detalles/239-img-5910.jpg,1406194,2026-05-22T14:10:05.217Z,f019118962325327f1c93655fd9d3c4a
japon-2025/image/marca-marca-y-detalles/239-img-5910.jpg.txt,913,2026-05-22T14:10:05.194Z,28237c6412881f54fd06d35a9763451d
japon-2025/image/pista-autos-en-pista/,0,2026-05-22T14:10:30.589Z,d41d8cd98f00b204e9800998ecf8427e
japon-2025/image/pista-autos-en-pista/241-img-5931.jpg,1908293,2026-05-22T14:10:47.351Z,47785ce93099166b29f17b991a2c6d03
japon-2025/image/pista-autos-en-pista/241-img-5931.jpg.txt,947,2026-05-22T14:10:47.438Z,446492b1538f90f80e8655fcb7c28ac0
japon-2025/image/pista-autos-en-pista/242-img-5977.jpg,1715707,2026-05-22T14:10:48.283Z,becc0047a604973326c563c1debfb1c2
japon-2025/image/pista-autos-en-pista/242-img-5977.jpg.txt,947,2026-05-22T14:10:47.667Z,10006ce75c7f4ace3f893d08a057890c
japon-2025/image/pista-autos-en-pista/243-img-5981.jpg,2440924,2026-05-22T14:10:48.622Z,91013c59daedeb915381f611bd341823
japon-2025/image/pista-autos-en-pista/243-img-5981.jpg.txt,947,2026-05-22T14:10:48.406Z,ac2b250116038db14f49feaafe33ab3c
japon-2025/image/pista-autos-en-pista/244-img-5988.jpg,3197829,2026-05-22T14:10:49.520Z,e5953b8e25e88050f3818a338d08a092
japon-2025/image/pista-autos-en-pista/244-img-5988.jpg.txt,947,2026-05-22T14:10:48.440Z,5155f5802548cde00c47a55a2b00c153
japon-2025/image/pista-autos-en-pista/245-img-6026.jpg,1802505,2026-05-22T14:10:49.398Z,31b928d5ba95248676663de92f7e316b
japon-2025/image/pista-autos-en-pista/245-img-6026.jpg.txt,947,2026-05-22T14:10:49.194Z,ee84a24545ce5f76c7f11ebc30101649
japon-2025/image/pista-autos-en-pista/246-img-6041.jpg,2203195,2026-05-22T14:10:49.814Z,4b9d499c912067946003b98e7a3c97af
japon-2025/image/pista-autos-en-pista/246-img-6041.jpg.txt,947,2026-05-22T14:10:49.517Z,2c81c4a479e67c009c50144a64d7e80e
japon-2025/image/pista-autos-en-pista/247-img-6042.jpg,1419284,2026-05-22T14:10:50.446Z,aaf129c7227f0016f7027e20a80a00ff
japon-2025/image/pista-autos-en-pista/247-img-6042.jpg.txt,947,2026-05-22T14:10:50.134Z,f7b13ed7c82ed7d47469d0a311f5b99b
japon-2025/image/pista-autos-en-pista/248-img-6044.jpg,1422232,2026-05-22T14:10:50.493Z,bb6416f0ca946ba4eeb059352a3787c2
japon-2025/image/pista-autos-en-pista/248-img-6044.jpg.txt,947,2026-05-22T14:10:50.229Z,6dc8e12eba07dbbc12d614d813ac8b30
japon-2025/image/pista-autos-en-pista/249-img-6046.jpg,1543620,2026-05-22T14:10:50.900Z,ab28673fb2f3465269ed391d94eee991
japon-2025/image/pista-autos-en-pista/249-img-6046.jpg.txt,947,2026-05-22T14:10:50.971Z,1acd1c5e535e03211ed62be6d342b542
japon-2025/image/pista-autos-en-pista/250-img-6048.jpg,1529278,2026-05-22T14:10:51.146Z,e677089bdea15ced15a2469483673d37
japon-2025/image/pista-autos-en-pista/250-img-6048.jpg.txt,947,2026-05-22T14:10:51.229Z,95c40b3521bd37545d80a17aa0de14a3
japon-2025/image/pista-autos-en-pista/251-img-6065.jpg,1454695,2026-05-22T14:10:51.676Z,803d9b7bed3f7322b3d418f5f3c6773b
japon-2025/image/pista-autos-en-pista/251-img-6065.jpg.txt,947,2026-05-22T14:10:51.636Z,e7b96ee9258dd9261c8a69228ef7bf88
japon-2025/image/pista-autos-en-pista/252-img-6066.jpg,1509910,2026-05-22T14:10:52.042Z,3c083f69b52c7b59d8336ef42618a4fd
japon-2025/image/pista-autos-en-pista/252-img-6066.jpg.txt,947,2026-05-22T14:10:52.351Z,92c0dcdfc67710a1d2907753c08a4917
japon-2025/image/pista-autos-en-pista/253-img-6087.jpg,2243487,2026-05-22T14:10:52.345Z,13aa393ff0fc5578e3b31621347852d6
japon-2025/image/pista-autos-en-pista/253-img-6087.jpg.txt,947,2026-05-22T14:10:52.372Z,ddc2d07b788b866385d0be00e65d7f70
japon-2025/image/pista-autos-en-pista/254-img-6089.jpg,1698306,2026-05-22T14:10:52.755Z,6d9fa52132b70e8955ac234c1928a8e5
japon-2025/image/pista-autos-en-pista/254-img-6089.jpg.txt,947,2026-05-22T14:10:52.852Z,f08bf1a136e0a3e632ba48268cc8f6c5
japon-2025/image/pista-autos-en-pista/255-img-6100.jpg,1565101,2026-05-22T14:10:53.764Z,875ffb8c25744f05dc9d491e04fb23e8
japon-2025/image/pista-autos-en-pista/255-img-6100.jpg.txt,947,2026-05-22T14:10:53.292Z,95a4544a54c0fd00f7aa30639eeaa7e5
japon-2025/image/pista-autos-en-pista/256-img-6147.jpg,1849280,2026-05-22T14:10:53.443Z,8a86a6889cd6ef81278ecc38d06e2610
japon-2025/image/pista-autos-en-pista/256-img-6147.jpg.txt,947,2026-05-22T14:10:53.444Z,b790aa0b342147d2108ecf44fd53c939
japon-2025/image/pista-autos-en-pista/257-img-6160.jpg,2385324,2026-05-22T14:10:54.198Z,dfd185ded3d969fe7a1b0cbcac6fff3d
japon-2025/image/pista-autos-en-pista/257-img-6160.jpg.txt,947,2026-05-22T14:10:54.008Z,ba0286f3aae9116ec21e369dc33d8794
japon-2025/image/pista-autos-en-pista/258-img-6274.jpg,1566875,2026-05-22T14:10:54.501Z,95c185ee4a5b0c698c6cb8247e4811f3
japon-2025/image/pista-autos-en-pista/258-img-6274.jpg.txt,947,2026-05-22T14:10:54.246Z,3b704f4842c2f2f739a857c8396e9f93
japon-2025/image/pista-autos-en-pista/259-img-6533.jpg,1806823,2026-05-22T14:10:54.707Z,68a612775d95eab64ae65c8faac449dc
japon-2025/image/pista-autos-en-pista/259-img-6533.jpg.txt,947,2026-05-22T14:10:54.798Z,0382c11339e9b1307e7a1d05484e4677
japon-2025/image/pista-autos-en-pista/260-img-6553.jpg,1643032,2026-05-22T14:10:55.287Z,006a8199daad14669c62504ade253a36
japon-2025/image/pista-autos-en-pista/260-img-6553.jpg.txt,947,2026-05-22T14:10:55.195Z,24f83fc5eb0a8a11b77da8bb87baae22
japon-2025/image/pista-autos-en-pista/261-img-6563.jpg,1758145,2026-05-22T14:10:55.533Z,a3bbd5a764f6cc1185a360f1617459d9
japon-2025/image/pista-autos-en-pista/261-img-6563.jpg.txt,947,2026-05-22T14:10:55.463Z,da8c11fee7f4010b54a6f074d812c9fc
japon-2025/image/pista-autos-en-pista/262-img-6594.jpg,1454054,2026-05-22T14:10:46.690Z,f739e0f41dfa64cf5388f218b695f00c
japon-2025/image/pista-autos-en-pista/262-img-6594.jpg.txt,947,2026-05-22T14:10:45.934Z,faa3e6b35fb79dc5a43bb63b7065814e
japon-2025/image/pista-autos-en-pista/263-img-6603.jpg,2376734,2026-05-22T14:10:46.958Z,d6c6ccd7cc20b271e9b2529956113b6b
japon-2025/image/pista-autos-en-pista/263-img-6603.jpg.txt,947,2026-05-22T14:10:45.943Z,024063972c90203f92dc2c9b7041e75e
japon-2025/image/pista-autos-en-pista/264-img-6621.jpg,1624459,2026-05-22T14:10:46.834Z,5d889d701c7fcf974824ca22ecef6d78
japon-2025/image/pista-autos-en-pista/264-img-6621.jpg.txt,947,2026-05-22T14:10:46.673Z,ab6de46a2cd4674bee82df794d50d2fc
japon-2025/image/pista-autos-en-pista/265-img-6631.jpg,1508828,2026-05-22T14:11:09.309Z,bc9363a6e9e41fff508dd9da35c4200d
japon-2025/image/pista-autos-en-pista/265-img-6631.jpg.txt,947,2026-05-22T14:11:08.637Z,a4f7b9ec2d525f15e25cf0dcc4dc9631
japon-2025/image/pista-autos-en-pista/266-img-6709.jpg,1506904,2026-05-22T14:11:09.777Z,6018fe12f5f59c754f76db68b94db462
japon-2025/image/pista-autos-en-pista/266-img-6709.jpg.txt,947,2026-05-22T14:11:08.617Z,e16461c9916883cde79e5a92cfe7829a
japon-2025/image/pista-autos-en-pista/267-img-6710.jpg,1484691,2026-05-22T14:11:09.504Z,a7134f37dcc1725bfb5b36282b156e80
japon-2025/image/pista-autos-en-pista/267-img-6710.jpg.txt,947,2026-05-22T14:11:09.391Z,47b38d5bcfe4e6951c49668cbe288e71
japon-2025/image/pista-autos-en-pista/268-img-6717.jpg,1483222,2026-05-22T14:11:09.934Z,8e1d197580d39808ee872fb9c5600cf8
japon-2025/image/pista-autos-en-pista/268-img-6717.jpg.txt,947,2026-05-22T14:11:10.113Z,738c8967ba560dff7d7eeb5bb6817822
japon-2025/image/pista-autos-en-pista/269-img-6721.jpg,1469777,2026-05-22T14:11:10.836Z,e381bb4f9008ca8bd25eafa5cbfd33e5
japon-2025/image/pista-autos-en-pista/269-img-6721.jpg.txt,947,2026-05-22T14:11:10.339Z,4b17446854e999d78264d6305009f0ca
japon-2025/image/pista-autos-en-pista/270-img-6723.jpg,1664598,2026-05-22T14:11:10.829Z,fc0aded2bd76b1b86e4b4fc7fa869244
japon-2025/image/pista-autos-en-pista/270-img-6723.jpg.txt,947,2026-05-22T14:11:10.674Z,46201aecf4093e370d225ddc18b7793e
japon-2025/image/pista-autos-en-pista/271-img-6724.jpg,1520321,2026-05-22T14:11:11.287Z,762f640fba52f00bfef92b56375b80cc
japon-2025/image/pista-autos-en-pista/271-img-6724.jpg.txt,947,2026-05-22T14:11:11.137Z,b31e09cddc986693057fead968e6c089
japon-2025/image/pista-autos-en-pista/272-img-6731.jpg,1399256,2026-05-22T14:11:12.430Z,21a346d7517c169b09ee3fb4184ce9b4
japon-2025/image/pista-autos-en-pista/272-img-6731.jpg.txt,947,2026-05-22T14:11:11.713Z,ed62cf59db115a3f7e1da10138d12e51
japon-2025/image/pista-autos-en-pista/273-img-6734.jpg,1421734,2026-05-22T14:11:11.878Z,59e4fac622bd24f9f7f79648f2cf0cb2
japon-2025/image/pista-autos-en-pista/273-img-6734.jpg.txt,947,2026-05-22T14:11:11.888Z,1e9376c8e3efee47583f7cec7310aceb
japon-2025/image/pista-autos-en-pista/274-img-6761.jpg,1604300,2026-05-22T14:11:12.222Z,478ddfa0724d4fc700647ab31f972bad
japon-2025/image/pista-autos-en-pista/274-img-6761.jpg.txt,947,2026-05-22T14:11:12.549Z,ddb7e55208778ff49be952e02ee29e3e
japon-2025/image/pista-autos-en-pista/275-img-6768.jpg,1684480,2026-05-22T14:11:13.291Z,749db8e5bd56aa60ab5803a09a03e84a
japon-2025/image/pista-autos-en-pista/275-img-6768.jpg.txt,947,2026-05-22T14:11:12.943Z,d53a1b745ec65923a1f26ad2e79b84e7
japon-2025/image/pista-autos-en-pista/276-img-6776.jpg,1801964,2026-05-22T14:11:13.273Z,0aea82b8d9156845e4441779bf595337
japon-2025/image/pista-autos-en-pista/276-img-6776.jpg.txt,947,2026-05-22T14:11:13.158Z,f6e535faba97f1d9ba1bdf9eb4d6eafe
japon-2025/image/pista-autos-en-pista/277-img-6782.jpg,1752418,2026-05-22T14:11:13.871Z,7cc9f6733232c42c49763ff144446f4f
japon-2025/image/pista-autos-en-pista/277-img-6782.jpg.txt,947,2026-05-22T14:11:13.661Z,96cebe28f74cff0cc1cfee8289be9ec7
japon-2025/image/pista-autos-en-pista/278-img-6786.jpg,1586318,2026-05-22T14:11:14.015Z,df24dd863c170daa32f0a606f7b59585
japon-2025/image/pista-autos-en-pista/278-img-6786.jpg.txt,947,2026-05-22T14:11:14.068Z,ebb627d5631131d07e7f66a8726f0b86
japon-2025/image/pista-autos-en-pista/279-img-6792.jpg,1609865,2026-05-22T14:11:14.339Z,cc627c0542874b093ad84d1306e0f7cc
japon-2025/image/pista-autos-en-pista/279-img-6792.jpg.txt,947,2026-05-22T14:11:14.402Z,19a7534a02f9fffa71d4cb7287b54dc0
japon-2025/image/pista-autos-en-pista/280-img-6801.jpg,1620212,2026-05-22T14:11:15.429Z,4aee89f6fa4a85696a7fcd371d245075
japon-2025/image/pista-autos-en-pista/280-img-6801.jpg.txt,947,2026-05-22T14:11:14.748Z,c1b9aa298f4d205902b5142da31a0022
japon-2025/image/pista-autos-en-pista/281-img-6811.jpg,1694226,2026-05-22T14:11:15.396Z,5a83cf12ea6db0d6e6238f3a621b22d2
japon-2025/image/pista-autos-en-pista/281-img-6811.jpg.txt,947,2026-05-22T14:11:15.103Z,885ea38fe1b1a43a6ca41edfcb96ad41
japon-2025/image/pista-autos-en-pista/282-img-6881.jpg,1492681,2026-05-22T14:11:15.667Z,fda6c803930b62238e586bc3d81a6ef6
japon-2025/image/pista-autos-en-pista/282-img-6881.jpg.txt,947,2026-05-22T14:11:15.531Z,ec31e29cd3ba80eefece4b995f98369b
japon-2025/image/pista-autos-en-pista/283-img-6887.jpg,1492293,2026-05-22T14:11:16.065Z,e889b2972d6d053ecae9bf059a93a4c6
japon-2025/image/pista-autos-en-pista/283-img-6887.jpg.txt,947,2026-05-22T14:11:16.202Z,dbc68ca8697d97d648b36361a027cd09
japon-2025/image/pista-autos-en-pista/284-img-6893.jpg,1496282,2026-05-22T14:11:16.477Z,bec2bd9084fff58deda539ecb46db133
japon-2025/image/pista-autos-en-pista/284-img-6893.jpg.txt,947,2026-05-22T14:11:16.379Z,a5c9205edf12ccd6443424cb5553656e
japon-2025/image/pista-autos-en-pista/285-img-6906.jpg,1467351,2026-05-22T14:11:16.888Z,c4f2b662b68e6c6ca80fd564ab3e0cb9
japon-2025/image/pista-autos-en-pista/285-img-6906.jpg.txt,947,2026-05-22T14:11:16.882Z,f3a249deac799dd1137bd9be9e967a56
japon-2025/image/pista-autos-en-pista/286-img-6912.jpg,1574110,2026-05-22T14:11:17.161Z,4b70a5cde4e34b495ba8ce97d8d92bd1
japon-2025/image/pista-autos-en-pista/286-img-6912.jpg.txt,947,2026-05-22T14:11:17.306Z,2044f9bfbbfb81f84ede8fade70bf9b1
japon-2025/image/pista-autos-en-pista/287-img-6941.jpg,1377211,2026-05-22T14:11:18.229Z,b15fe4420fd94cc94d1eae1a7e1e7081
japon-2025/image/pista-autos-en-pista/287-img-6941.jpg.txt,947,2026-05-22T14:11:17.652Z,5d29c1b46de368b36e786e839a94d112
japon-2025/image/pista-autos-en-pista/288-img-6942.jpg,1398197,2026-05-22T14:11:18.044Z,0b8b912cf2925ae0a166cde0e14cbedb
japon-2025/image/pista-autos-en-pista/288-img-6942.jpg.txt,947,2026-05-22T14:11:17.914Z,93585bb55824c0f8ce9db2ee8043d682
japon-2025/image/pista-autos-en-pista/291-img-6993.jpg,1571471,2026-05-22T14:11:18.428Z,e132ef3a24d9e07926253dcb4e413354
japon-2025/image/pista-autos-en-pista/291-img-6993.jpg.txt,947,2026-05-22T14:11:18.692Z,7873eda9c1da9c47f4cf26fa85d7505c
japon-2025/image/pista-autos-en-pista/292-img-7001.jpg,1708398,2026-05-22T14:11:19.333Z,69f663ab11ce9b950be7327cf863eeda
japon-2025/image/pista-autos-en-pista/292-img-7001.jpg.txt,947,2026-05-22T14:11:18.880Z,dee219c4a31638fc9328f524fc652b76
japon-2025/image/pista-autos-en-pista/293-img-7035.jpg,1377612,2026-05-22T14:11:19.212Z,05996be85d66c5d8b4ca0062546b6e85
japon-2025/image/pista-autos-en-pista/293-img-7035.jpg.txt,947,2026-05-22T14:11:19.231Z,684b29d70f3dd3f21f191a76e9720eb6
japon-2025/image/pista-autos-en-pista/294-img-7051.jpg,1540529,2026-05-22T14:11:19.679Z,9a39aaa4279c00e9a7728f67c728c32f
japon-2025/image/pista-autos-en-pista/294-img-7051.jpg.txt,947,2026-05-22T14:11:19.610Z,1c3eea6b056e398188c2e87ec60629ba
japon-2025/image/pista-autos-en-pista/295-img-7052.jpg,1671765,2026-05-22T14:11:20.636Z,2c72d364aecf3ff178b493bfeabb2cd0
japon-2025/image/pista-autos-en-pista/295-img-7052.jpg.txt,947,2026-05-22T14:11:20.120Z,79539563fe6875c496285aae86aea622
japon-2025/image/pista-autos-en-pista/296-img-7060.jpg,1537943,2026-05-22T14:11:20.576Z,34552b8193530e6344a0623337af2c22
japon-2025/image/pista-autos-en-pista/296-img-7060.jpg.txt,947,2026-05-22T14:11:20.365Z,b0941e7f38ac4a9deb9e391d031db1bd
japon-2025/image/pista-autos-en-pista/297-img-7062.jpg,1212176,2026-05-22T14:11:20.700Z,8b5eac7d51b465e15432476e7fca6e50
japon-2025/image/pista-autos-en-pista/297-img-7062.jpg.txt,947,2026-05-22T14:11:21.064Z,7e838349f0a24b4ab5b5b1627a93dc6f
japon-2025/image/pista-autos-en-pista/298-img-7090.jpg,1446580,2026-05-22T14:11:21.519Z,46dd3b39f3ca604eaa7c0ec36964a90d
japon-2025/image/pista-autos-en-pista/298-img-7090.jpg.txt,947,2026-05-22T14:11:21.391Z,8e65af779df37cc957520907b050cb19
japon-2025/image/pista-autos-en-pista/299-img-7099.jpg,1204070,2026-05-22T14:11:21.693Z,ba303085eb6c66bcc4565c7dd0d5b39f
japon-2025/image/pista-autos-en-pista/299-img-7099.jpg.txt,947,2026-05-22T14:11:21.514Z,d3b351f042b394ed2a6bae60ef586061
japon-2025/image/pista-autos-en-pista/300-img-7103.jpg,1096413,2026-05-22T14:11:22.094Z,ea2fcd03b629497c8d11f2ac0131119b
japon-2025/image/pista-autos-en-pista/300-img-7103.jpg.txt,947,2026-05-22T14:11:22.118Z,1732abc795f2c8cd208d95b4c792d917
japon-2025/image/pista-autos-en-pista/301-img-7120.jpg,1608668,2026-05-22T14:11:28.371Z,506859f86c5f9c399d1c1059e1e6c28c
japon-2025/image/pista-autos-en-pista/301-img-7120.jpg.txt,947,2026-05-22T14:11:27.979Z,d52fb353b1c3cbb79f248272b33108d7
japon-2025/image/pista-autos-en-pista/302-img-7128.jpg,1369287,2026-05-22T14:11:28.470Z,6b7149d8d8c1b988128bdd953fd88ca8
japon-2025/image/pista-autos-en-pista/302-img-7128.jpg.txt,947,2026-05-22T14:11:28.046Z,926ce89e87f7c84090643fca735f0bee
japon-2025/image/pista-autos-en-pista/303-img-7132.jpg,1463652,2026-05-22T14:11:28.728Z,5c5b74b6c9b49a23b31127d2a0baad78
japon-2025/image/pista-autos-en-pista/303-img-7132.jpg.txt,947,2026-05-22T14:11:28.754Z,bd1a99a99d035747b73871b43eab5aad
japon-2025/image/pista-autos-en-pista/304-img-7211.jpg,1317203,2026-05-22T14:11:29.251Z,0147e97f44346ff72a1f7a0cddf31d9b
japon-2025/image/pista-autos-en-pista/304-img-7211.jpg.txt,947,2026-05-22T14:11:29.313Z,528b743442cfe6e55ace468d1a120181
japon-2025/image/pista-autos-en-pista/305-img-7273.jpg,1788077,2026-05-22T14:11:29.610Z,a0462a69bb903aecce808b325b04d211
japon-2025/image/pista-autos-en-pista/305-img-7273.jpg.txt,947,2026-05-22T14:11:29.551Z,e8578f506a63d31f00fab42582fe77b0
japon-2025/image/pista-autos-en-pista/306-img-7355.jpg,1468633,2026-05-22T14:11:30.255Z,4cd183338cd0d6802ab28a649ecd22a9
japon-2025/image/pista-autos-en-pista/306-img-7355.jpg.txt,947,2026-05-22T14:11:30.031Z,d08c6d9fb89922790cb47b477bf2b375
japon-2025/image/pista-autos-en-pista/307-img-7371.jpg,1253065,2026-05-22T14:11:30.336Z,ebbef4d4658e81d7870faa776cfb3be4
japon-2025/image/pista-autos-en-pista/307-img-7371.jpg.txt,947,2026-05-22T14:11:30.357Z,42d4282a3d3f22be4faf7147a85a2f4d
japon-2025/image/pista-autos-en-pista/308-img-7413.jpg,1499392,2026-05-22T14:11:30.683Z,a8d91e5ebf0a96f437bf4732927e9d59
japon-2025/image/pista-autos-en-pista/308-img-7413.jpg.txt,947,2026-05-22T14:11:30.912Z,6bb3f10b1fbfa641ae4d8a714b4a59a4
japon-2025/image/pista-autos-en-pista/309-img-7414.jpg,1670796,2026-05-22T14:11:31.200Z,ce9e5166cd20ad130fd9f6bdf5bc3670
japon-2025/image/pista-autos-en-pista/309-img-7414.jpg.txt,947,2026-05-22T14:11:31.219Z,ee05ea7ca965954624ed06d2ee81dd54
japon-2025/image/pista-autos-en-pista/310-img-7416.jpg,1476989,2026-05-22T14:11:31.377Z,5d34ea4e697c3409cf5eaa22deacc126
japon-2025/image/pista-autos-en-pista/310-img-7416.jpg.txt,947,2026-05-22T14:11:31.440Z,61b3a20c1714a757d719c87097a109c5
japon-2025/image/pista-autos-en-pista/311-img-7419.jpg,1476539,2026-05-22T14:11:32.110Z,4514d182c8050d9645207e2fcb2f0a0e
japon-2025/image/pista-autos-en-pista/311-img-7419.jpg.txt,947,2026-05-22T14:11:32.006Z,d9df8ba160f7f44ef524a8acfe10fc9b
japon-2025/image/pista-autos-en-pista/312-img-7422.jpg,1451312,2026-05-22T14:11:32.216Z,3c940d3ecf2b6efadc0d5b325bb99107
japon-2025/image/pista-autos-en-pista/312-img-7422.jpg.txt,947,2026-05-22T14:11:32.163Z,685a8038088424932e0c51686c682ea1
japon-2025/image/pista-autos-en-pista/313-img-7430.jpg,1522723,2026-05-22T14:11:32.476Z,ce4797c014496c847ed24d007ae7f8f3
japon-2025/image/pista-autos-en-pista/313-img-7430.jpg.txt,947,2026-05-22T14:11:33.196Z,4d591e64ea1b1ae1e2515b2019b08081
japon-2025/image/pista-autos-en-pista/314-img-7439.jpg,1615134,2026-05-22T14:11:33.203Z,b1bb1b23f561ae8b0ba8d04faa355f99
japon-2025/image/pista-autos-en-pista/314-img-7439.jpg.txt,947,2026-05-22T14:11:32.964Z,22aaa6045b1de8a3ba646077f0c2b7c4
japon-2025/image/pista-autos-en-pista/315-img-7443.jpg,1716454,2026-05-22T14:11:33.453Z,1e2f42bbdf6c2e0bfc9441b35e97c359
japon-2025/image/pista-autos-en-pista/315-img-7443.jpg.txt,947,2026-05-22T14:11:33.288Z,66dfaf185412e661c7e298aea8ec8e1a
japon-2025/image/pista-autos-en-pista/316-img-7444.jpg,1563633,2026-05-22T14:11:33.971Z,ce98afea039706d4b7c0ed60711f9175
japon-2025/image/pista-autos-en-pista/316-img-7444.jpg.txt,947,2026-05-22T14:11:33.915Z,5dc04497eda1c1b74412169215671873
japon-2025/image/pista-autos-en-pista/317-img-7454.jpg,1312943,2026-05-22T14:11:34.247Z,0d11bc9bfe6678a5cbba630d8765a212
japon-2025/image/pista-autos-en-pista/317-img-7454.jpg.txt,947,2026-05-22T14:11:34.139Z,ae9f5421f48aa643786a297c2f421656
japon-2025/image/pista-autos-en-pista/318-img-7458.jpg,1525846,2026-05-22T14:11:34.469Z,152499a576d4f9e9b714062746e27978
japon-2025/image/pista-autos-en-pista/318-img-7458.jpg.txt,947,2026-05-22T14:11:34.917Z,67f2e360ea0013b39c09b152d833e1e4
japon-2025/image/pista-autos-en-pista/319-img-7459.jpg,1534835,2026-05-22T14:11:34.922Z,52894c127af5cdca9e0cc5bf8ca1a3be
japon-2025/image/pista-autos-en-pista/319-img-7459.jpg.txt,947,2026-05-22T14:11:34.946Z,0bf256152d98ed0225fcb468f90b51cd
japon-2025/image/pista-autos-en-pista/320-img-7460.jpg,1586979,2026-05-22T14:11:35.137Z,fea52f2191e2568080c492ccc93ad19a
japon-2025/image/pista-autos-en-pista/320-img-7460.jpg.txt,947,2026-05-22T14:11:35.195Z,241bf60e9b5003b70e3380bd7ec67419
japon-2025/image/pista-autos-en-pista/321-img-7466.jpg,1484078,2026-05-22T14:11:36.015Z,1ea5864b8e0a2cbf4852dfdc7533b490
japon-2025/image/pista-autos-en-pista/321-img-7466.jpg.txt,947,2026-05-22T14:11:35.641Z,3e888b35544cd623ffa76656a8f82fc1
japon-2025/image/pista-autos-en-pista/322-img-7478.jpg,1609238,2026-05-22T14:11:36.252Z,bd5cea056088ebf34c7b00bf0199c15e
japon-2025/image/pista-autos-en-pista/322-img-7478.jpg.txt,947,2026-05-22T14:11:36.105Z,f721ed56027ece876ce1e3e6608055ee
japon-2025/image/pista-autos-en-pista/323-img-7479-2.jpg,1798518,2026-05-22T14:11:36.676Z,660b9cbf53a695c96308e7952b5b66d6
japon-2025/image/pista-autos-en-pista/323-img-7479-2.jpg.txt,955,2026-05-22T14:11:36.390Z,d1112c267dd680ce42c417f30d4f5f56
japon-2025/image/pista-autos-en-pista/324-img-7515.jpg,1655054,2026-05-22T14:11:36.961Z,fe1ce4a1d8b19080ea5087baf5829e37
japon-2025/image/pista-autos-en-pista/324-img-7515.jpg.txt,947,2026-05-22T14:11:36.904Z,2a9112bc950510c54bd3e6f236b2ddef
japon-2025/image/pista-autos-en-pista/325-img-7520.jpg,1468763,2026-05-22T14:11:37.227Z,8d387d35a60082ef52d25dbb66860850
japon-2025/image/pista-autos-en-pista/325-img-7520.jpg.txt,947,2026-05-22T14:11:37.154Z,e3e7c0ed8d1ac6b0eb66568f6b035fa2
japon-2025/image/pista-autos-en-pista/326-img-7522.jpg,1403677,2026-05-22T14:11:37.555Z,87a520f8609d266b2d40f2dfad583d4e
japon-2025/image/pista-autos-en-pista/326-img-7522.jpg.txt,947,2026-05-22T14:11:37.725Z,f569eb910a37d242c773d4638deeb944
japon-2025/image/pista-autos-en-pista/327-img-7527.jpg,1616477,2026-05-22T14:11:38.461Z,8d5e8ff5336503a201c3b8aed7ff8dad
japon-2025/image/pista-autos-en-pista/327-img-7527.jpg.txt,947,2026-05-22T14:11:37.932Z,08b8273f56b2781ae1aec9b884404079
japon-2025/image/premiacion-premiacion/328-img-7537.jpg,2156081,2026-05-22T14:10:16.921Z,1610f8cdc40bf58aff9b889233702283
japon-2025/image/premiacion-premiacion/328-img-7537.jpg.txt,901,2026-05-22T14:10:16.204Z,78af1bde95f26f2a8b3e157e46440428
japon-2025/image/premiacion-premiacion/329-img-7559.jpg,2371040,2026-05-22T14:10:17.342Z,9d371256ab2961b78c48f2b761ce9c2a
japon-2025/image/premiacion-premiacion/329-img-7559.jpg.txt,901,2026-05-22T14:10:17.062Z,22ceb0f5eadc58fb3e2d70491602cbd3
japon-2025/image/premiacion-premiacion/330-img-7560.jpg,1948941,2026-05-22T14:10:17.391Z,dd67e19f6d217aac522a42ad890cb0d5
japon-2025/image/premiacion-premiacion/330-img-7560.jpg.txt,901,2026-05-22T14:10:17.741Z,6d13951ea6aac741f3d6ac3ee15cf07d
japon-2025/image/premiacion-premiacion/332-img-7592.jpg,1677421,2026-05-22T14:10:18.497Z,a08b10821e1bb4452b51da74a01ab88d
japon-2025/image/premiacion-premiacion/332-img-7592.jpg.txt,901,2026-05-22T14:10:18.186Z,ee4fb2713e4b37b88a2a5af57b49e56e
japon-2025/image/premiacion-premiacion/333-img-7610.jpg,1637033,2026-05-22T14:10:18.851Z,370a692d68e42ff297ea8095bd8c0d40
japon-2025/image/premiacion-premiacion/333-img-7610.jpg.txt,901,2026-05-22T14:10:18.881Z,4d8fd5f9f4a646fe7a55d5d98b058df7
japon-2025/image/premiacion-premiacion/334-img-7620.jpg,1530150,2026-05-22T14:10:19.601Z,dc0374a3d7e8afdc30e48f5dd3e28a4d
japon-2025/image/premiacion-premiacion/334-img-7620.jpg.txt,901,2026-05-22T14:10:19.119Z,8e19b672d83fc8b3b813bf27372a70e1
japon-2025/image/premiacion-premiacion/335-img-7629.jpg,1500413,2026-05-22T14:10:19.483Z,5227026274e2e7f183b782189ac93f6b
japon-2025/image/premiacion-premiacion/335-img-7629.jpg.txt,901,2026-05-22T14:10:19.607Z,dd06d5c75360851521b815398e62fa0f
japon-2025/image/premiacion-premiacion/336-img-7647.jpg,1642191,2026-05-22T14:10:20.329Z,c0e710a921f5e097491790339c6c2db1
japon-2025/image/premiacion-premiacion/336-img-7647.jpg.txt,901,2026-05-22T14:10:19.867Z,6467705f8ac5a58de620b8af7b718df2
japon-2025/image/premiacion-premiacion/337-img-7674.jpg,1592180,2026-05-22T14:10:20.842Z,28af6c92a25be13188da0b83e886eb7f
japon-2025/image/premiacion-premiacion/337-img-7674.jpg.txt,901,2026-05-22T14:10:20.330Z,551882083723fe3bb20b0636b4b5eb38
japon-2025/image/presentacion-presentacion-y-animacion/338-img-7691.jpg,1615286,2026-05-22T14:10:20.634Z,798701077eb817b5d885446adb8f21d4
japon-2025/image/presentacion-presentacion-y-animacion/338-img-7691.jpg.txt,917,2026-05-22T14:10:20.628Z,1a549a2310be9adaf9e2e185d1628d3e
japon-2025/image/publico-publico-y-comunidad/289-img-6960.jpg,1775754,2026-05-22T14:10:17.255Z,17b8defa945ee815a6c748b76fe73dab
japon-2025/image/publico-publico-y-comunidad/289-img-6960.jpg.txt,918,2026-05-22T14:10:16.345Z,9b4a1d246aa96b6c070f937cbd71294f
japon-2025/image/publico-publico-y-comunidad/331-img-7569.jpg,2398473,2026-05-22T14:10:18.228Z,c722fa636d806169efe1fbd6828d08d0
japon-2025/image/publico-publico-y-comunidad/331-img-7569.jpg.txt,918,2026-05-22T14:10:18.001Z,33cc3e851df249b35a9597eb1bf00674
japon-2025/image/publico-publico-y-comunidad/344-img-7735.jpg,1960786,2026-05-22T14:10:21.424Z,2f6f309a50761abf26373ccd0ba6083e
japon-2025/image/publico-publico-y-comunidad/344-img-7735.jpg.txt,918,2026-05-22T14:10:21.135Z,cdab830b960ec09d4c3d5e7ee32e8eee
